dataset,split,rows,positive_rate,ordered_row_id_sha256
sarc_random,train,639638,0.5090691922618731,522ddd07bfa426eb93cd565d322b74c8583f375b25d223f54e226f842248bd68
sarc_random,val,137066,0.5091488771832547,14fd3429907d6c317ee402cb2d99e5e79fd1d9fb6f7ad7ea75182b2742f701c2
sarc_random,test,137065,0.5107065990588407,934d0b671bf359389ebe0228cf9d15c4dedbc00bf560b8b04bfb6afeaa1cdb8e
sarc_temporal,train,484447,0.5381909682586536,629f5d59af5c29420a7dca9d1b6c9655e2bc38f84cccd8a475fccdef27bd4e2d
sarc_temporal,val,182441,0.5037793039941679,cdc2d288aa51ce32496c8f610aa4ebc6c6775a1b1d58206da2efc597246c8ce1
sarc_temporal,test,242091,0.45787327905622266,047f1c722f2e3c6209694a05ac6c4bbeccf18c737fce7f4615cc4ca262f8c8e2
sarc_subreddit,train,639838,0.5110824927559788,1eeb5fc6e692304c5686f166d37faca686aa38000af380e9d212e75bb5cd4b81
sarc_subreddit,val,135123,0.5119261709701531,3ec3a685ee8d144374af6c8aba5680fc71d91c1e763f075a26849ccd6ed8f69b
sarc_subreddit,test,135534,0.49932858175808287,8363129ca2e6f74188a54eb3963e50ff3b8af9d382fbd497b17bdc791a57bb3e
figlang_reddit,train,3729,0.49986591579511935,56fd0f3a4b7c3a485efb8a1b6e9d59c43806fb4fc19c2d671ade507d4183517f
figlang_reddit,val,659,0.5007587253414264,7387ef5072004aad979ff68cef8b28024b23e738d8ac7ddbd48910863b8348b7
figlang_reddit,test,1756,0.4971526195899772,e4bcc8b0d16ac9bee6ee60fe2d16638fa653127aae52d5e008174f7cb207af5f
figlang_twitter,train,4028,0.5260675273088381,51fe7da31ab4e4c46ab30e4aee0765fd3fbde29cfe21944d593e7347265fd1f2
figlang_twitter,val,711,0.5260196905766527,448e2a25e80e0afbbd971c9143078215e5a64dea892d66816f15faa1933fc465
figlang_twitter,test,1715,0.4752186588921283,536efc548776b53346c042174c50bbf131266b3196d63c4285e0630dce02bbfd
tweeteval_irony,train,2853,0.5054328776726253,d79e10c1b0a10d432be89bbbef24c9c9c25cfa86d467f79b985cf5713f02f3c4
tweeteval_irony,val,950,0.48,8d1b80cca4ae2ab0e32c5807d9efaab2960cce8b3aea185a4bbeae9f3c8f4430
tweeteval_irony,test,780,0.3974358974358974,acb5263fcb7083b172baed6d0d24f55c54d2871b566426a7f063e7ff0cf1c5c8
news_headlines,train,19862,0.47507803846541136,9211ae2f2f928b318503a1e10196e61df6bc780f967649262d4ba1c59c16a629
news_headlines,val,4256,0.475093984962406,2ee565f4abca966abafff52785964eca3b0b2e19c7979ef311f98c27db79060a
news_headlines,test,4257,0.47521728917077755,d5233c797828561395096c0125638f730261de1830ae1c5693b97072e02ba8a6
