feature,auc_drop_mean,auc_drop_std,repeats,rows,dataset,split
block:text,0.2348141285489059,0.00368385490209684,5,20000,sarc_random,val
block:surface,0.05747253566232513,0.0025082514832555445,5,20000,sarc_random,val
surface:n_interjections,0.015555762975476251,0.0011403988907228114,5,20000,sarc_random,val
surface:n_ellipsis,0.013960954810100023,0.00087249375711462,5,20000,sarc_random,val
surface:n_exclam,0.013831252353476108,0.00040854486199839676,5,20000,sarc_random,val
surface:n_repeat_punct,0.009579011968309547,0.0007143513377593987,5,20000,sarc_random,val
surface:word_count_bins,0.009308199959524144,0.0007173088718738925,5,20000,sarc_random,val
surface:starts_with_interjection,0.004781867250530802,0.0008022988810341205,5,20000,sarc_random,val
surface:n_sentences,0.0011984921031816809,0.0002678076861431248,5,20000,sarc_random,val
surface:avg_word_len,0.0008260683356030585,0.00020662427197920276,5,20000,sarc_random,val
surface:n_scare_quotes,0.0006275252675267406,0.0002350963846198967,5,20000,sarc_random,val
surface:n_chars,0.0005833410240720039,9.105723578889551e-05,5,20000,sarc_random,val
surface:n_allcaps_words,0.00020578076318460424,7.088289412802854e-05,5,20000,sarc_random,val
surface:n_elongation,0.00011318487027505153,4.024137998869639e-05,5,20000,sarc_random,val
surface:n_question,4.681349596822315e-05,2.9314818994431824e-05,5,20000,sarc_random,val
surface:allcaps_ratio,6.027578888789797e-06,9.087090721748129e-06,5,20000,sarc_random,val
surface:n_urls,0.0,0.0,5,20000,sarc_random,val
surface:n_mentions,0.0,0.0,5,20000,sarc_random,val
surface:n_hashtags,0.0,0.0,5,20000,sarc_random,val
