feature,weight,weight_kind
pupper,-2.9744773379714555,class_log_probability_contrast
of curiosity,-2.7211319783812247,class_log_probability_contrast
the reply,-2.7024591067107178,class_log_probability_contrast
what exactly,-2.6712169632940643,class_log_probability_contrast
iirc,-2.5470296470181513,class_log_probability_contrast
added you,-2.5385101516940054,class_log_probability_contrast
just wondering,-2.4854658392911553,class_log_probability_contrast
may ask,-2.4783620095550525,class_log_probability_contrast
doot,-2.476604694413961,class_log_probability_contrast
ah okay,-2.472079121019897,class_log_probability_contrast
add me,-2.4133807931382414,class_log_probability_contrast
me asking,-2.411814350307866,class_log_probability_contrast
fwiw,-2.407999968782569,class_log_probability_contrast
not mistaken,-2.337766858008898,class_log_probability_contrast
fair point,-2.313537089437233,class_log_probability_contrast
thank mr,-2.300993154722807,class_log_probability_contrast
cringed,-2.292058115776836,class_log_probability_contrast
bless you,-2.279238010183775,class_log_probability_contrast
afaik,-2.274346182971094,class_log_probability_contrast
just pointing,-2.257811542393668,class_log_probability_contrast
curious what,-2.2557061133461698,class_log_probability_contrast
wha,-2.2497229733529274,class_log_probability_contrast
re joking,-2.2445602524969672,class_log_probability_contrast
ah thanks,-2.2422224429797435,class_log_probability_contrast
serious question,-2.229796378995964,class_log_probability_contrast
png,-2.229204057226827,class_log_probability_contrast
exactly do,-2.221766047398951,class_log_probability_contrast
curiosity,-2.2211863225915565,class_log_probability_contrast
spicy,-2.219026939706705,class_log_probability_contrast
don disagree,-2.218422971289888,class_log_probability_contrast
because obviously,2.655375373979984,class_log_probability_contrast
guess forgot,2.6768817703177668,class_log_probability_contrast
yeah screw,2.6922662284351677,class_log_probability_contrast
obviously she,2.711279390154063,class_log_probability_contrast
only white,2.7188983978842494,class_log_probability_contrast
yup because,2.7214693153028833,class_log_probability_contrast
cis scum,2.7354997871259776,class_log_probability_contrast
well obviously,2.749806791527261,class_log_probability_contrast
clearly the,2.759204591998264,class_log_probability_contrast
can rape,2.773916629535856,class_log_probability_contrast
but but,2.7742925125093265,class_log_probability_contrast
should totally,2.7766863475706938,class_log_probability_contrast
totally don,2.7796530948550924,class_log_probability_contrast
yea because,2.794955884928866,class_log_probability_contrast
because clearly,2.8053361137704087,class_log_probability_contrast
worry guys,2.8758479744114176,class_log_probability_contrast
you cis,2.8939053985657903,class_log_probability_contrast
forgot your,2.8999117396027483,class_log_probability_contrast
eye can,2.9025293775242034,class_log_probability_contrast
uncultured,2.913416063265524,class_log_probability_contrast
he black,2.91646769140643,class_log_probability_contrast
yea cause,3.037039246250151,class_log_probability_contrast
human eye,3.0802859599163845,class_log_probability_contrast
but dude,3.091856420726508,class_log_probability_contrast
right because,3.176147565862056,class_log_probability_contrast
dropped this,3.2137710830143256,class_log_probability_contrast
yes because,3.2707198640305304,class_log_probability_contrast
nah bro,3.3171549963946347,class_log_probability_contrast
yeah because,3.3341533347956567,class_log_probability_contrast
obviously because,3.486585008045747,class_log_probability_contrast
