dataset,split,model,model_id,training_dataset,representation,ngram_max,seed,threshold,threshold_policy,threshold_source,rows,train_rows,n_features,fit_seconds,inference_seconds,roc_auc,pr_auc,pr_auc_definition,accuracy,precision,recall,f1,brier_score,tn,fp,fn,tp,auc_delta_vs_random
sarc_random,test,MNB,sarc_random__mnb_reply_tfidf,sarc_random,reply_tfidf,2,3244,0.5,default_0.50,fixed,137065,639638,299292,0.0541447609939496,1.8410328259997184,0.7797663763299996,0.7933728221319775,average_precision,0.7041257797395396,0.7132593644080072,0.7034571428571429,0.708324342985371,0.1925111201109517,47269,19796,20758,49242,0.0
sarc_random,test,MNB,sarc_random__mnb_reply_tfidf_surface,sarc_random,reply_tfidf_surface,2,3244,0.5,default_0.50,fixed,137065,639638,299315,0.0682371770017198,1.9080246860030456,0.7405522864811325,0.7446759904473165,average_precision,0.6838507277569037,0.7304162994452796,0.6038142857142857,0.6611088083711982,0.2218986943008634,51465,15600,27733,42267,0.0
sarc_random,test,CNB,sarc_random__cnb_reply_tfidf,sarc_random,reply_tfidf,2,3244,0.5,default_0.50,fixed,137065,639638,299292,0.055886622001708,1.9054025029981856,0.7797663763299996,0.7933728221319775,average_precision,0.704395724656185,0.7203677404888258,0.6884142857142858,0.7040286350852843,0.192416461265002,48359,18706,21811,48189,0.0
sarc_random,test,CNB,sarc_random__cnb_reply_tfidf_surface,sarc_random,reply_tfidf_surface,2,3244,0.5,default_0.50,fixed,137065,639638,299315,0.0610311759955948,1.816219906002516,0.7405522864811325,0.7446759904473165,average_precision,0.6828949768358078,0.733312231835127,0.5957428571428571,0.6574076993410474,0.2225074580941851,51899,15166,28298,41702,0.0
sarc_random,test,LR,sarc_random__lr_reply_tfidf,sarc_random,reply_tfidf,2,3244,0.5,default_0.50,fixed,137065,639638,299292,9.838026997997076,1.769902863998141,0.794062372751382,0.8047225410970328,average_precision,0.7205559406121184,0.7395194196765906,0.6990571428571428,0.718719247998825,0.184908058840712,49829,17236,21066,48934,0.0
sarc_random,test,LR,sarc_random__lr_reply_tfidf_surface,sarc_random,reply_tfidf_surface,2,3244,0.5,default_0.50,fixed,137065,639638,299315,66.79814831099793,1.947621109997272,0.8028814140865471,0.8159277620062595,average_precision,0.7283040893006968,0.7483549140309913,0.7051,0.7260838224693646,0.180740315331071,50468,16597,20643,49357,0.0
sarc_temporal,test,MNB,sarc_temporal__mnb_reply_tfidf,sarc_temporal,reply_tfidf,2,3244,0.5,default_0.50,fixed,242091,484447,239858,0.0409561729975394,2.975838228005159,0.7635945622515223,0.7454399464839682,average_precision,0.682012135932356,0.6304074921251049,0.7384412749104622,0.6801612032074452,0.2022499356520419,83255,47989,28993,81854,-0.01617181407847723
sarc_temporal,test,MNB,sarc_temporal__mnb_reply_tfidf_surface,sarc_temporal,reply_tfidf_surface,2,3244,0.5,default_0.50,fixed,242091,484447,239881,0.0504799600021215,3.181890561994805,0.7181361849310197,0.6800182096775742,average_precision,0.6739490522159023,0.6604652098271302,0.5924923543262335,0.6246350208763304,0.231513053204815,97481,33763,45171,65676,-0.022416101550112755
sarc_temporal,test,CNB,sarc_temporal__cnb_reply_tfidf,sarc_temporal,reply_tfidf,2,3244,0.5,default_0.50,fixed,242091,484447,239858,0.0465293480010586,3.2150109820067883,0.7635945622515223,0.7454399464839682,average_precision,0.6939828411630338,0.6630765545569879,0.674262722491362,0.6686228552003006,0.1981573893073069,93267,37977,36107,74740,-0.01617181407847723
sarc_temporal,test,CNB,sarc_temporal__cnb_reply_tfidf_surface,sarc_temporal,reply_tfidf_surface,2,3244,0.5,default_0.50,fixed,242091,484447,239881,0.0454268249959568,3.138366756000323,0.7181361849310197,0.6800182096775742,average_precision,0.6731807460830844,0.6722739267834453,0.5584724891066064,0.6101118612329375,0.2322809469959373,101066,30178,48942,61905,-0.022416101550112755
sarc_temporal,test,LR,sarc_temporal__lr_reply_tfidf,sarc_temporal,reply_tfidf,2,3244,0.5,default_0.50,fixed,242091,484447,239858,5.789131787998485,3.1000283600005787,0.7769425974824411,0.7561700245246974,average_precision,0.7051645868702265,0.6699681336663509,0.7017781266069447,0.6855043025771401,0.1929595406695573,92924,38320,33057,77790,-0.01711977526894093
sarc_temporal,test,LR,sarc_temporal__lr_reply_tfidf_surface,sarc_temporal,reply_tfidf_surface,2,3244,0.5,default_0.50,fixed,242091,484447,239881,50.209583602998464,3.2782514989958145,0.7856084238306503,0.7693789485525584,average_precision,0.7141735958792355,0.6824253891502203,0.7028155926637618,0.692470423010942,0.1886134272388684,94990,36254,32942,77905,-0.017272990255896792
sarc_subreddit,test,MNB,sarc_subreddit__mnb_reply_tfidf,sarc_subreddit,reply_tfidf,2,3244,0.5,default_0.50,fixed,135534,639838,298923,0.0575007329971413,1.760254946006171,0.7716433192549129,0.7785009412755319,average_precision,0.6984668053772485,0.7029187356182633,0.6860925586618595,0.694403732838812,0.1954809357063295,48234,19624,21244,46432,-0.008123057075086648
sarc_subreddit,test,MNB,sarc_subreddit__mnb_reply_tfidf_surface,sarc_subreddit,reply_tfidf_surface,2,3244,0.5,default_0.50,fixed,135534,639838,298946,0.0707592199978535,1.8293537610006751,0.7302408466757324,0.724860871692369,average_precision,0.6738087859872799,0.7080097861929582,0.5901057982150245,0.6437033574571654,0.2275311219573228,51388,16470,27740,39936,-0.010311439805400058
sarc_subreddit,test,CNB,sarc_subreddit__cnb_reply_tfidf,sarc_subreddit,reply_tfidf,2,3244,0.5,default_0.50,fixed,135534,639838,298923,0.0622891390012227,1.7021266109950377,0.7716433192549129,0.7785009412755319,average_precision,0.6988430947216197,0.7117315969539786,0.6670459247000414,0.6886646377275882,0.1953597839250962,49574,18284,22533,45143,-0.008123057075086648
sarc_subreddit,test,CNB,sarc_subreddit__cnb_reply_tfidf_surface,sarc_subreddit,reply_tfidf_surface,2,3244,0.5,default_0.50,fixed,135534,639838,298946,0.0624784340034239,1.909726028003206,0.7302408466757324,0.724860871692369,average_precision,0.6726208921746573,0.7108324739003782,0.5805159879425498,0.6390987840091098,0.2281993856984766,51876,15982,28389,39287,-0.010311439805400058
sarc_subreddit,test,LR,sarc_subreddit__lr_reply_tfidf,sarc_subreddit,reply_tfidf,2,3244,0.5,default_0.50,fixed,135534,639838,298923,8.713397808998707,1.7001631329985685,0.7880713098141368,0.7931018895524637,average_precision,0.7158794103324627,0.7289194449676649,0.686181216383947,0.7069049503744749,0.1873126192977306,50588,17270,21238,46438,-0.005991062937245273
sarc_subreddit,test,LR,sarc_subreddit__lr_reply_tfidf_surface,sarc_subreddit,reply_tfidf_surface,2,3244,0.5,default_0.50,fixed,135534,639838,298946,65.8557668039939,1.7559990730005666,0.7962556831653704,0.8035127036788392,average_precision,0.7223279767438429,0.7356161375329402,0.6929635321236479,0.7136531028395776,0.1835813158792614,51003,16855,20779,46897,-0.006625730921176687
