rule,coverage,sarcasm_rate,n
n_interjections > 0.5 AND contains 'obviously' AND no 'but',0.0106,0.9185,638
n_interjections > 0.5 AND contains 'because' AND n_words <= 19.5,0.0119,0.905,716
n_interjections > 0.5 AND contains 'because' AND n_words <= 26.5,0.0143,0.8978,861
no 'because' AND n_exclam > 0.5 AND contains 'but',0.013,0.8936,780
starts_with_interjection <= 0.5 AND n_exclam > 0.5 AND contains 'but',0.0126,0.8904,757
subreddit_rate > 0.564 AND n_exclam > 0.5 AND n_chars > 41.5,0.0168,0.8836,1005
starts_with_interjection > 0.5 AND avg_word_len > 4.36 AND contains 'yeah',0.0209,0.8711,1257
subreddit_rate > 0.536 AND n_exclam > 0.5 AND n_words > 5.5,0.0313,0.8573,1878
starts_with_interjection > 0.5 AND contains 'yeah' AND no 'but',0.0358,0.8261,2151
contains 'because' AND no 'it' AND n_words <= 15.5,0.0292,0.8189,1750
n_interjections > 0.5 AND starts_with_interjection > 0.5 AND contains 'yeah',0.0413,0.8123,2477
subreddit_rate > 0.561 AND parent_jaccard <= 0.0955 AND contains 'because',0.0128,0.8075,769
starts_with_interjection <= 0.5 AND subreddit_rate > 0.528 AND n_exclam > 0.5,0.0399,0.8068,2397
n_interjections <= 0.5 AND n_exclam > 0.5 AND subreddit_rate > 0.538,0.0322,0.805,1933
n_interjections <= 0.5 AND n_exclam > 0.5 AND subreddit_rate > 0.535,0.0326,0.8036,1955
subreddit_rate > 0.564 AND n_exclam > 0.5 AND n_chars <= 41.5,0.0112,0.8,670
n_interjections <= 0.5 AND subreddit_rate > 0.522 AND n_exclam > 0.5,0.0383,0.7951,2299
starts_with_interjection <= 0.5 AND subreddit_rate > 0.51 AND n_exclam > 0.5,0.0478,0.7932,2868
contains 'because' AND n_words <= 15.5 AND no 'yes',0.0303,0.793,1821
n_exclam > 0.5 AND n_chars > 26.5 AND n_scare_quotes <= 0.5,0.0727,0.7884,4361
no 'because' AND n_exclam > 0.5 AND n_chars > 31.5,0.0633,0.7861,3797
no 'because' AND n_exclam > 0.5 AND n_words > 5.5,0.0648,0.7823,3886
starts_with_interjection <= 0.5 AND contains 'yes' AND n_chars > 26.5,0.0137,0.7813,823
subreddit_rate <= 0.536 AND starts_with_interjection > 0.5 AND contains 'yeah',0.0228,0.7796,1370
n_interjections <= 0.5 AND n_exclam > 0.5 AND n_words > 5.5,0.0518,0.7728,3108
subreddit_rate > 0.564 AND no 'think' AND n_interjections > 0.5,0.056,0.7712,3361
n_interjections <= 0.5 AND n_exclam > 0.5 AND n_chars > 26.5,0.0571,0.7696,3424
contains 'because' AND n_words <= 23.5 AND no 'yes',0.0419,0.7625,2514
starts_with_interjection <= 0.5 AND n_exclam > 0.5 AND n_chars > 22.5,0.0707,0.762,4244
subreddit_rate <= 0.564 AND n_words <= 22.5 AND contains 'because',0.0307,0.7588,1845
starts_with_interjection > 0.5 AND n_chars > 22.5 AND no 'but',0.0935,0.7536,5608
subreddit_rate <= 0.561 AND n_exclam > 0.5 AND n_chars > 30.5,0.0472,0.7529,2833
vader_neg_share <= 0.191 AND incongruity_signed > -0.835 AND contains 'because',0.025,0.7507,1500
subreddit_rate > 0.564 AND n_exclam <= 0.5 AND n_interjections > 0.5,0.0509,0.7502,3055
n_exclam <= 0.5 AND contains 'because' AND no 'it',0.0419,0.7484,2516
starts_with_interjection <= 0.5 AND n_exclam <= 0.5 AND contains 'yes',0.0141,0.7476,848
n_interjections > 0.5 AND no 'because' AND subreddit_rate > 0.553,0.0621,0.7472,3727
starts_with_interjection > 0.5 AND n_chars > 17.5 AND n_words <= 24.5,0.0991,0.7468,5947
n_interjections <= 0.5 AND n_words <= 18.5 AND contains 'because',0.0274,0.746,1642
contains 'because' AND no 'it' AND no 'yes because',0.0425,0.7452,2551
n_interjections > 0.5 AND starts_with_interjection > 0.5 AND no 'lol',0.1064,0.7402,6386
n_interjections > 0.5 AND no 'lol' AND avg_word_len > 4.3,0.1034,0.7364,6202
starts_with_interjection > 0.5 AND avg_word_len > 4.36 AND no 'yeah',0.031,0.733,1858
subreddit_rate > 0.561 AND parent_jaccard > 0.0955 AND n_interjections > 0.5,0.0106,0.7273,638
contains 'all' AND n_words <= 26.5 AND avg_word_len > 4.33,0.0205,0.7167,1232
parent_vader_mean <= -0.084 AND n_interjections > 0.5 AND no 'totally',0.0642,0.7107,3854
n_interjections > 0.5 AND avg_word_len > 4.28 AND no 'obviously',0.0997,0.7091,5982
no 'because' AND n_exclam > 0.5 AND no 'but',0.0777,0.708,4664
n_chars > 22.5 AND n_words <= 20.5 AND n_interjections > 0.5,0.1639,0.7007,9833
starts_with_interjection <= 0.5 AND n_exclam > 0.5 AND no 'but',0.0709,0.6998,4257
starts_with_interjection > 0.5 AND avg_word_len <= 4.36 AND n_chars > 14.5,0.0569,0.685,3413
n_interjections > 0.5 AND starts_with_interjection > 0.5 AND no 'yeah',0.069,0.6818,4142
subreddit_rate > 0.509 AND parent_jaccard <= 0.0958 AND subreddit_rate > 0.617,0.0483,0.6791,2898
starts_with_interjection > 0.5 AND no 'yeah' AND no 'clearly',0.066,0.6704,3962
n_interjections > 0.5 AND no 'because' AND no 'lol',0.1811,0.6673,10865
starts_with_interjection > 0.5 AND no 'yeah' AND no 'obviously',0.0646,0.6652,3874
n_interjections <= 0.5 AND n_exclam <= 0.5 AND contains 'because',0.0344,0.6617,2066
n_interjections <= 0.5 AND n_exclam > 0.5 AND subreddit_rate <= 0.538,0.0429,0.6603,2573
n_interjections <= 0.5 AND n_exclam > 0.5 AND subreddit_rate <= 0.535,0.0425,0.6601,2551
contains 'because' AND no 'it' AND n_words > 15.5,0.0165,0.6593,989
starts_with_interjection <= 0.5 AND subreddit_rate <= 0.528 AND n_exclam > 0.5,0.0436,0.6569,2617
n_interjections <= 0.5 AND n_words <= 16.5 AND contains 'but',0.0405,0.6557,2428
contains 'all' AND n_words <= 28.5 AND no 'know',0.0453,0.6524,2719
n_interjections > 0.5 AND no 'obviously' AND no 'totally',0.1842,0.6462,11050
contains 'all' AND n_words <= 36.5 AND no 'know',0.0478,0.6458,2871
starts_with_interjection <= 0.5 AND subreddit_rate <= 0.51 AND contains 'because',0.0176,0.6439,1056
subreddit_rate <= 0.536 AND starts_with_interjection > 0.5 AND no 'yeah',0.0378,0.6335,2270
contains 'we' AND no 'should' AND n_chars <= 200,0.0348,0.6316,2090
subreddit_rate <= 0.561 AND n_exclam <= 0.5 AND subreddit_rate <= 0.446,0.1338,0.3652,8028
no 'all' AND subreddit_logfreq <= 3.07 AND avg_word_len <= 4.36,0.0607,0.3643,3643
no 'because' AND n_exclam <= 0.5 AND n_words > 20.5,0.0862,0.3587,5171
n_interjections <= 0.5 AND n_words > 18.5 AND no 'yes',0.0946,0.3495,5679
subreddit_rate > 0.434 AND subreddit_logfreq <= 2.52 AND avg_word_len <= 4.26,0.0427,0.3408,2559
no 'all' AND no 'totally' AND n_words > 24.5,0.0498,0.3359,2986
subreddit_rate <= 0.536 AND starts_with_interjection <= 0.5 AND n_words > 18.5,0.067,0.3249,4020
no 'because' AND n_exclam <= 0.5 AND n_words > 23.5,0.0558,0.3247,3348
n_chars > 22.5 AND n_words > 20.5 AND contains 'but',0.0208,0.2842,1249
no 'all' AND parent_jaccard > 0.0958 AND n_words > 25.5,0.0166,0.2744,995
subreddit_rate <= 0.564 AND parent_jaccard > 0.0843 AND n_words > 27.5,0.0131,0.2446,785
subreddit_rate <= 0.564 AND n_words > 22.5 AND contains 'but',0.0129,0.2284,775
