term,block,feature_idx,importance
n_chars,SURFACE,0,0.5633574103286393
parent_n_chars,SURFACE,18,0.3621649032682857
n_words,SURFACE,1,0.35046873113883287
len_ratio_to_parent,SURFACE,21,0.275323023769036
subreddit_rate,SUBREDDIT,338,0.18109040267791712
n_exclam,SURFACE,4,0.17554985751828425
parent_n_words,SURFACE,17,0.1746364452948103
avg_word_len,SURFACE,3,0.1654650827471985
starts_with_interjection,SURFACE,16,0.09034100312582032
subreddit_logfreq,SUBREDDIT,339,0.09003785549044081
has:because,LEXICAL,23,0.08890548413788506
parent_jaccard,SURFACE,20,0.0710096820090619
has:yeah,LEXICAL,22,0.06061312374823165
n_interjections,SURFACE,15,0.04800927608894311
has:so,LEXICAL,33,0.04481671597198847
has:obviously,LEXICAL,24,0.03996257079268807
has:all,LEXICAL,25,0.03905734915352185
parent_vader_mean,LEXICON,335,0.038514933307647055
vader_mean,LEXICON,332,0.035279706958573916
n_sentences,SURFACE,2,0.032962411991140826
n_repeat_punct,SURFACE,7,0.03259729653231032
has:it,LEXICAL,30,0.031990015753942204
n_question,SURFACE,5,0.03198393487141043
has:totally,LEXICAL,26,0.030805492452279266
n_chars x n_exclam,INTERACTION,-1,0.028093086576171173
has:no,LEXICAL,34,0.027654811208469
has:yes,LEXICAL,27,0.026677205826140575
allcaps_ratio,SURFACE,9,0.02637136141555281
n_scare_quotes,SURFACE,11,0.026292566870654406
has:not,LEXICAL,142,0.024771810401891105
has:clearly,LEXICAL,29,0.024728683469196468
has:we,LEXICAL,28,0.024697060900117408
nrc_positive,LEXICON,330,0.02455556271006826
has:but,LEXICAL,66,0.023850441337258943
has:only,LEXICAL,63,0.023284580855276227
nrc_disgust,LEXICON,324,0.023283058062409167
has:or,LEXICAL,38,0.02261251077477412
len_ratio_to_parent x has:but,INTERACTION,-1,0.022068159406426095
n_chars x has:but,INTERACTION,-1,0.02203404942374688
incongruity_signed,LEXICON,337,0.02084490857382343
incongruity_pos_reply_neg_parent,LEXICON,336,0.020740989749356186
has:should,LEXICAL,35,0.020346321234437293
has:just,LEXICAL,131,0.02000483223234435
has:sure,LEXICAL,41,0.01832093970931485
has:in,LEXICAL,74,0.018067252239864735
n_exclam x subreddit_rate,INTERACTION,-1,0.017681968593853268
has:my,LEXICAL,36,0.01745230879444801
has:this,LEXICAL,165,0.017194387909661126
nrc_anger,LEXICON,322,0.016631670068326162
has:i'm sure,LEXICAL,242,0.01631040554302602
has:the,LEXICAL,69,0.016007898951335628
n_words x has:but,INTERACTION,-1,0.015987949998851645
has:lol,LEXICAL,90,0.015977266305425446
has:still,LEXICAL,44,0.015710308750276413
has:think,LEXICAL,42,0.015345727583140897
has:right,LEXICAL,31,0.015110194894684532
has:pretty,LEXICAL,49,0.014953082991236115
n_exclam x has:but,INTERACTION,-1,0.014877123209246399
n_exclam x vader_mean,INTERACTION,-1,0.014512922619883491
has:was,LEXICAL,61,0.014076500468484915
has:nah,LEXICAL,45,0.014046552456321155
has:yes because,LEXICAL,246,0.013807944854545305
has:but but,LEXICAL,245,0.013610557191662691
n_exclam x parent_n_words,INTERACTION,-1,0.013520354360192366
nrc_trust,LEXICON,329,0.013239608049397316
has:man,LEXICAL,53,0.012899318976434666
has:but x vader_neg_share,INTERACTION,-1,0.012415075593252875
has:but x vader_pos_share,INTERACTION,-1,0.012364964443531844
has:one,LEXICAL,82,0.012287112016299846
nrc_negative,LEXICON,331,0.012273419904312495
has:on,LEXICAL,96,0.012173393930377278
has:some,LEXICAL,73,0.01195704690874416
has:also,LEXICAL,47,0.011875754172650969
has:that,LEXICAL,218,0.011857046697000124
has:they,LEXICAL,105,0.01166162319832989
has:must,LEXICAL,37,0.011537867691681088
has:as,LEXICAL,67,0.011474967448472812
has:with,LEXICAL,156,0.011132982322555504
has:wow,LEXICAL,39,0.010916565402269278
n_words x n_exclam,INTERACTION,-1,0.0109137580060563
has:racist,LEXICAL,43,0.01070307628440487
has:duh,LEXICAL,59,0.010613696534676155
n_elongation,SURFACE,10,0.010612974905680283
has:shit,LEXICAL,214,0.010577981314339598
has:which,LEXICAL,62,0.010367726516878362
has:people,LEXICAL,77,0.01023913335711654
nrc_joy,LEXICON,326,0.010154793113009647
parent_jaccard x has:but,INTERACTION,-1,0.01014622434303319
has:women,LEXICAL,40,0.010049630001825063
vader_pos_share,LEXICON,333,0.010049322139305185
has:me,LEXICAL,52,0.009794757549953957
has:can't,LEXICAL,72,0.009729575503725123
has:if,LEXICAL,83,0.0096738262524362
has:why,LEXICAL,154,0.009441817634211428
nrc_surprise,LEXICON,328,0.009342896739815178
has:there,LEXICAL,153,0.009221713347201545
has:i've,LEXICAL,50,0.009057085503986166
has:actually,LEXICAL,78,0.009012273272360292
has:of course,LEXICAL,247,0.00886830513021895
has:such,LEXICAL,76,0.008702420926636156
has:their,LEXICAL,89,0.008547706737310189
has:but x vader_mean,INTERACTION,-1,0.008405791003813641
starts_with_interjection x has:but,INTERACTION,-1,0.008393038485157952
has:hey,LEXICAL,79,0.008216943390758775
n_interjections x has:but,INTERACTION,-1,0.008138743583305009
has:real,LEXICAL,87,0.008106607762000706
has:guys,LEXICAL,58,0.008010786974026221
has:well,LEXICAL,48,0.007927542972706664
has:does,LEXICAL,99,0.00788832817492339
has:white,LEXICAL,46,0.007869157324876473
has:like,LEXICAL,221,0.007864487972679616
has:forgot,LEXICAL,97,0.007742629008247261
has:from,LEXICAL,209,0.007679930711407796
nrc_sadness,LEXICON,327,0.007670008331039341
has:yeah because,LEXICAL,243,0.00764842594789266
has:do,LEXICAL,172,0.007624286584595471
has:those,LEXICAL,65,0.007481554773039475
n_ellipsis,SURFACE,6,0.007338328368818307
nrc_anticipation,LEXICON,323,0.007314674944174595
has:cause,LEXICAL,75,0.007193940847110038
has:i'd,LEXICAL,55,0.007181475333040919
has:fault,LEXICAL,60,0.007180977896835429
has:been,LEXICAL,219,0.007151027853729998
has:ever,LEXICAL,195,0.006976656523780255
has:never,LEXICAL,149,0.006884805294305757
n_exclam x parent_n_chars,INTERACTION,-1,0.006848709563027012
has:bro,LEXICAL,85,0.006842954096006796
has:everyone,LEXICAL,54,0.0068143866538904925
has:you mean,LEXICAL,273,0.006807948384033715
has:our,LEXICAL,56,0.006791485801430805
has:yea,LEXICAL,51,0.00677526513121748
has:most,LEXICAL,81,0.006753870294151279
has:omg,LEXICAL,80,0.006706842972992623
has:would,LEXICAL,114,0.006685133993467812
has:better,LEXICAL,188,0.006537293665547454
has:how dare,LEXICAL,252,0.006382831394986856
has:lot,LEXICAL,71,0.006327186607290086
has:even,LEXICAL,125,0.0060919877957202224
has:it's,LEXICAL,110,0.006068478323431277
has:don't you,LEXICAL,251,0.005788348556696369
has:did,LEXICAL,181,0.005762463266680527
has:many,LEXICAL,203,0.0057395530947998725
has:stop,LEXICAL,94,0.005717266022309855
has:us,LEXICAL,119,0.005708305506393217
has:you know,LEXICAL,266,0.0056621720697072305
has:everyone knows,LEXICAL,259,0.005565061102000507
has:say,LEXICAL,103,0.005504628306826717
has:let's,LEXICAL,86,0.005376438284319736
has:good thing,LEXICAL,257,0.005372534573511237
vader_neg_share,LEXICON,334,0.005258582744108531
has:looks,LEXICAL,101,0.005233572253900829
has:shitlord,LEXICAL,98,0.005213001478137719
has:hope,LEXICAL,194,0.005183677536753921
has:but x nrc_positive,INTERACTION,-1,0.005150311699369187
has:probably,LEXICAL,121,0.0051493329803106724
has:must be,LEXICAL,244,0.005134424471418615
has:he's,LEXICAL,124,0.004966394343344856
has:got,LEXICAL,178,0.004949313084891245
has:not like,LEXICAL,262,0.004925618841133112
has:nothing,LEXICAL,117,0.004861489508762557
has:agree,LEXICAL,186,0.004860742134125141
allcaps_ratio x has:but,INTERACTION,-1,0.0047924166225641945
has:up,LEXICAL,175,0.004790828101378955
has:dude,LEXICAL,180,0.0046817956028560375
has:poor,LEXICAL,95,0.004601659377568921
has:mean,LEXICAL,123,0.004571261494339823
has:though,LEXICAL,127,0.004532563368923514
has:black,LEXICAL,88,0.004523039595272602
has:men,LEXICAL,57,0.004516266074518258
has:both,LEXICAL,150,0.004472885844085434
has:do you,LEXICAL,278,0.004446533814492345
has:job,LEXICAL,179,0.004419388374376138
has:woman,LEXICAL,112,0.00437851613872147
has:of,LEXICAL,128,0.0043434974756015165
has:at all,LEXICAL,249,0.004322737350347357
has:read,LEXICAL,146,0.004281851585061689
has:they're,LEXICAL,100,0.004269862479975491
has:reddit,LEXICAL,229,0.0042665368871394665
n_allcaps_words,SURFACE,8,0.004254561078954254
nrc_fear,LEXICON,325,0.004254489710906875
has:that's why,LEXICAL,261,0.004203574799316185
has:glad,LEXICAL,174,0.004181962870444184
has:need,LEXICAL,204,0.004168267017198827
has:confirmed,LEXICAL,170,0.004155528914576984
has:all the,LEXICAL,255,0.004135696812731521
has:money,LEXICAL,135,0.004089286377776959
has:knows,LEXICAL,68,0.004080964379976412
has:you're,LEXICAL,208,0.0040645402981340905
has:very,LEXICAL,164,0.004049341761139867
has:as well,LEXICAL,303,0.0040471709440254335
has:gay,LEXICAL,130,0.00404429370518135
has:amirite,LEXICAL,106,0.004024571353489846
has:either,LEXICAL,139,0.0039792995294443325
has:far,LEXICAL,168,0.003931784667977368
has:should have,LEXICAL,264,0.00391517289672238
has:fps,LEXICAL,134,0.003877558217000189
has:oh,LEXICAL,32,0.003866780746736658
has:internet,LEXICAL,202,0.0038618137280298356
has:important,LEXICAL,157,0.0037829446402730467
has:where,LEXICAL,171,0.0037456871429658706
has:needs,LEXICAL,233,0.0036800522731911802
has:bit,LEXICAL,91,0.0036714916901317203
has:point,LEXICAL,122,0.003644912190672287
has:honestly,LEXICAL,102,0.0036433025577804843
has:yay,LEXICAL,144,0.003637999575796
has:usually,LEXICAL,104,0.0035819374541830326
has:i'm not,LEXICAL,268,0.003570701088296113
has:find,LEXICAL,126,0.0035486328684972085
has:kids,LEXICAL,197,0.003531955858538243
has:out,LEXICAL,235,0.0035260288265467933
has:wait,LEXICAL,224,0.003454238727241962
has:surely,LEXICAL,111,0.0034294353562259916
has:great,LEXICAL,118,0.0034153212490014586
has:guns,LEXICAL,109,0.0033882436944040876
has:i'll,LEXICAL,136,0.003343976043270138
has:but x nrc_negative,INTERACTION,-1,0.0033320294686158356
has:world,LEXICAL,166,0.003302968072661892
has:but how,LEXICAL,297,0.003274151031679155
has:imo,LEXICAL,132,0.0032597727923030528
has:male,LEXICAL,129,0.003258926832106717
has:after,LEXICAL,240,0.0032537432597134603
has:would be,LEXICAL,318,0.003249794851743112
has:definitely,LEXICAL,220,0.0032437778265970007
has:no no,LEXICAL,258,0.003240107665331467
has:first,LEXICAL,115,0.0031665114917117836
has:at the,LEXICAL,301,0.0031634760767543873
has:little,LEXICAL,173,0.0031294081203298582
has:are,LEXICAL,84,0.0031175211116444405
has:except,LEXICAL,198,0.0031094472691077135
has:gun,LEXICAL,200,0.0031001418245214063
has:come on,LEXICAL,293,0.0030965430306444004
has:government,LEXICAL,107,0.003065626576417234
has:america,LEXICAL,141,0.003011950723548964
has:rape,LEXICAL,92,0.0029826307486877763
has:privilege,LEXICAL,108,0.0029776759984021955
has:human,LEXICAL,169,0.0029546558878370856
has:american,LEXICAL,230,0.0029307651634155355
has:kind,LEXICAL,216,0.002906307184957187
has:everything,LEXICAL,191,0.002904546456899535
has:question,LEXICAL,196,0.0029015481859702595
has:few,LEXICAL,147,0.0028414096372001213
has:obama,LEXICAL,160,0.0028388646237826874
has:likely,LEXICAL,120,0.0028186501510400566
has:freedom,LEXICAL,133,0.002798559583620537
has:dare,LEXICAL,64,0.002793092626886724
has:evil,LEXICAL,93,0.0027571358545908737
has:or anything,LEXICAL,312,0.0027385283292303826
has:therefore,LEXICAL,162,0.0027236978368446125
has:aren't,LEXICAL,158,0.002720341867130609
has:when,LEXICAL,193,0.0027068054887257843
has:sexist,LEXICAL,140,0.0026075104820992953
has:sometimes,LEXICAL,137,0.0026061699038854216
has:link,LEXICAL,161,0.0025877399181813998
has:time,LEXICAL,192,0.0025854138589152514
has:kinda,LEXICAL,163,0.0025842147593110832
has:racism,LEXICAL,116,0.0025814907499265415
has:feel like,LEXICAL,283,0.0025758662607801284
has:sex,LEXICAL,223,0.002557781470562878
has:is it,LEXICAL,288,0.0025414916950311354
has:for me,LEXICAL,279,0.0025402008037539413
has:just like,LEXICAL,311,0.002515173606864211
has:is so,LEXICAL,256,0.0025111092972591683
has:yeah but,LEXICAL,248,0.0024969714960635745
has:know,LEXICAL,176,0.002495151483760601
n_exclam x parent_jaccard,INTERACTION,-1,0.0024951058669459587
has:cuz,LEXICAL,177,0.002488779437670952
has:looking,LEXICAL,234,0.0024645858750175008
has:we should,LEXICAL,250,0.0024617337636138295
has:ago,LEXICAL,167,0.00244795634528969
has:the world,LEXICAL,292,0.0024265985725588656
has:one of,LEXICAL,281,0.002415447077469589
has:hitler,LEXICAL,222,0.0024109974309820224
has:we can,LEXICAL,289,0.0023862664578420357
has:most of,LEXICAL,290,0.002381707673790356
has:while,LEXICAL,212,0.0023472820800249142
has:it's not,LEXICAL,321,0.0023414019010411665
has:sad,LEXICAL,207,0.002323608815124178
has:wish,LEXICAL,215,0.0023196816152532456
has:quite,LEXICAL,151,0.0023109308300190176
has:no way,LEXICAL,300,0.0022999024167014814
has:deserve,LEXICAL,148,0.0022937420551041128
has:try,LEXICAL,231,0.0022309326791300705
has:used,LEXICAL,201,0.002210024403920156
has:is totally,LEXICAL,260,0.0021969175357448587
has:last,LEXICAL,225,0.0021955690156777122
has:often,LEXICAL,182,0.0021943736692007837
has:can't be,LEXICAL,269,0.002179498406536665
has:conspiracy,LEXICAL,184,0.00214854268199858
has:and then,LEXICAL,302,0.0021299865945222695
has:worked,LEXICAL,238,0.002126116207552703
has:you're right,LEXICAL,280,0.002123061077235453
has:jobs,LEXICAL,187,0.002115303249517845
has:we need,LEXICAL,265,0.002111720819972291
has:jews,LEXICAL,190,0.002107655480033754
has:children,LEXICAL,155,0.0020869613298647592
has:would never,LEXICAL,306,0.0020717737732379713
has:but he,LEXICAL,317,0.002065274945994275
has:muslims,LEXICAL,143,0.0020286889189458594
has:similar,LEXICAL,189,0.002027433650667246
has:safe,LEXICAL,210,0.002026681436369189
has:it must,LEXICAL,272,0.001986574028897306
has:feel,LEXICAL,206,0.0019760112574240553
has:is that,LEXICAL,319,0.001966895389107679
has:of the,LEXICAL,307,0.0019662996363175806
has:not sure,LEXICAL,309,0.001962010523360292
has:culture,LEXICAL,145,0.001939583984591202
has:may,LEXICAL,159,0.0019338305171044275
has:don't think,LEXICAL,282,0.0018816464364320945
has:lets,LEXICAL,228,0.0018694609267528028
has:police,LEXICAL,199,0.0018569867858298948
has:know that,LEXICAL,316,0.001830920975537443
has:worry,LEXICAL,152,0.0017706212229763423
has:because they,LEXICAL,286,0.0017509116405811961
has:favorite,LEXICAL,239,0.0017247629547487305
has:black people,LEXICAL,277,0.001666114607466917
has:liberal,LEXICAL,211,0.0016394379548985345
has:mine,LEXICAL,213,0.0016345896581605427
has:economy,LEXICAL,232,0.0015640597922483993
has:society,LEXICAL,227,0.0015563589332542526
has:can't wait,LEXICAL,310,0.0015497211159329434
has:don't worry,LEXICAL,298,0.0015437521717867827
has:considering,LEXICAL,205,0.001514500903721202
has:pretty much,LEXICAL,295,0.0014610060310999062
has:nothing to,LEXICAL,314,0.0014508547128477692
has:muslim,LEXICAL,185,0.001431299079530899
has:episode,LEXICAL,217,0.0014125417387529026
has:all know,LEXICAL,263,0.001355516732982467
has:all those,LEXICAL,271,0.0013337620812263048
has:are so,LEXICAL,294,0.0012906372230428928
has:so much,LEXICAL,287,0.0012834209273951205
has:course,LEXICAL,70,0.0012751839111992405
has:version,LEXICAL,226,0.0012305188293108258
has:rights,LEXICAL,183,0.001200801665868248
has:it was,LEXICAL,320,0.001191312269869817
has:night,LEXICAL,241,0.0011275579928969575
has:they should,LEXICAL,285,0.001124361552290279
has:it's all,LEXICAL,299,0.0011089336891273636
has:in my,LEXICAL,305,0.0010444974235484204
has:pm,LEXICAL,236,0.0010370938389615881
has:should just,LEXICAL,291,0.001012437014394724
has:yeah the,LEXICAL,284,0.0010029630389064156
has:violence,LEXICAL,237,0.000995673723988942
has:because that,LEXICAL,296,0.0009472809938851964
has:much better,LEXICAL,315,0.0009002448010221537
has:oh yeah,LEXICAL,267,0.0008894063561353093
has:white people,LEXICAL,274,0.0008511383700382512
has:we all,LEXICAL,254,0.0007509369387886166
has:that's,LEXICAL,138,0.000639644540786469
has:yeah that,LEXICAL,304,0.0005718603869088099
has:dare you,LEXICAL,270,0.000543851359272323
has:because we,LEXICAL,275,0.0004379115302444819
has:because the,LEXICAL,253,0.0004371872189375267
has:lot of,LEXICAL,276,0.00031595583935413826
has:yeah it's,LEXICAL,313,0.00022997453772054222
parent_is_empty,SURFACE,19,0.00020414032245423116
has:comcast,LEXICAL,113,0.00018147829773546
has:looks like,LEXICAL,308,0.000161726380081136
n_urls,SURFACE,12,0.0
n_mentions,SURFACE,13,0.0
n_hashtags,SURFACE,14,0.0
