dataset,split,model,model_id,training_dataset,representation,ngram_max,seed,threshold,threshold_policy,threshold_source,rows,train_rows,n_features,fit_seconds,inference_seconds,roc_auc,pr_auc,pr_auc_definition,accuracy,precision,recall,f1,brier_score,tn,fp,fn,tp
sarc_random,val,MNB,sarc_random__mnb_reply_tfidf,sarc_random,reply_tfidf,2,3244,0.5,default_0.50,fixed,137066,639638,299292,0.0541447609939496,1.7019129589971271,0.7770739936127524,0.790059493354512,average_precision,0.7034494331198109,0.7096221908899951,0.7067648702480405,0.7081906484891559,0.1934879327166664,47096,20183,20464,49323
sarc_random,val,MNB,sarc_random__mnb_reply_tfidf,sarc_random,reply_tfidf,2,3244,0.5464574626932269,source_validation_precision_0.75,sarc_random/val,137066,639638,299292,0.0541447609939496,1.7019129589971271,0.7770739936127524,0.790059493354512,average_precision,0.7039820232588679,0.7500042789901583,0.6278963130669036,0.6835397622687424,0.1934879327166664,52673,14606,25968,43819
sarc_random,test,MNB,sarc_random__mnb_reply_tfidf,sarc_random,reply_tfidf,2,3244,0.5,default_0.50,fixed,137065,639638,299292,0.0541447609939496,1.8410328259997184,0.7797663763299996,0.7933728221319775,average_precision,0.7041257797395396,0.7132593644080072,0.7034571428571429,0.708324342985371,0.1925111201109517,47269,19796,20758,49242
sarc_random,test,MNB,sarc_random__mnb_reply_tfidf,sarc_random,reply_tfidf,2,3244,0.5464574626932269,source_validation_precision_0.75,sarc_random/val,137065,639638,299292,0.0541447609939496,1.8410328259997184,0.7797663763299996,0.7933728221319775,average_precision,0.7045854156786926,0.7541206661958975,0.6255,0.6838147445358072,0.1925111201109517,52789,14276,26215,43785
sarc_random,val,MNB,sarc_random__mnb_reply_tfidf_surface,sarc_random,reply_tfidf_surface,2,3244,0.5,default_0.50,fixed,137066,639638,299315,0.0682371770017198,1.746700816998782,0.7381379471981818,0.7409121059770607,average_precision,0.6827586710052092,0.7255066698672885,0.6063163626463381,0.660578101460475,0.2230609557600684,51270,16009,27474,42313
sarc_random,val,MNB,sarc_random__mnb_reply_tfidf_surface,sarc_random,reply_tfidf_surface,2,3244,0.6003785784395138,source_validation_precision_0.75,sarc_random/val,137066,639638,299315,0.0682371770017198,1.746700816998782,0.7381379471981818,0.7409121059770607,average_precision,0.6675324296324399,0.7500051617698676,0.5205124163526158,0.6145322280493994,0.2230609557600684,55171,12108,33462,36325
sarc_random,test,MNB,sarc_random__mnb_reply_tfidf_surface,sarc_random,reply_tfidf_surface,2,3244,0.5,default_0.50,fixed,137065,639638,299315,0.0682371770017198,1.9080246860030456,0.7405522864811325,0.7446759904473165,average_precision,0.6838507277569037,0.7304162994452796,0.6038142857142857,0.6611088083711982,0.2218986943008634,51465,15600,27733,42267
sarc_random,test,MNB,sarc_random__mnb_reply_tfidf_surface,sarc_random,reply_tfidf_surface,2,3244,0.6003785784395138,source_validation_precision_0.75,sarc_random/val,137065,639638,299315,0.0682371770017198,1.9080246860030456,0.7405522864811325,0.7446759904473165,average_precision,0.6688067705103418,0.7546943254042192,0.5207714285714286,0.6162819201541804,0.2218986943008634,55216,11849,33546,36454
sarc_random,val,CNB,sarc_random__cnb_reply_tfidf,sarc_random,reply_tfidf,2,3244,0.5,default_0.50,fixed,137066,639638,299292,0.055886622001708,1.8127837159991032,0.7770739936127524,0.790059493354512,average_precision,0.7043468110253455,0.7172618605687133,0.6921632968891054,0.7044891053875099,0.193355626099694,48238,19041,21483,48304
sarc_random,val,CNB,sarc_random__cnb_reply_tfidf,sarc_random,reply_tfidf,2,3244,0.5374513882538567,source_validation_precision_0.75,sarc_random/val,137066,639638,299292,0.055886622001708,1.8127837159991032,0.7770739936127524,0.790059493354512,average_precision,0.7039820232588679,0.7500042789901583,0.6278963130669036,0.6835397622687424,0.193355626099694,52673,14606,25968,43819
sarc_random,test,CNB,sarc_random__cnb_reply_tfidf,sarc_random,reply_tfidf,2,3244,0.5,default_0.50,fixed,137065,639638,299292,0.055886622001708,1.9054025029981856,0.7797663763299996,0.7933728221319775,average_precision,0.704395724656185,0.7203677404888258,0.6884142857142858,0.7040286350852843,0.192416461265002,48359,18706,21811,48189
sarc_random,test,CNB,sarc_random__cnb_reply_tfidf,sarc_random,reply_tfidf,2,3244,0.5374513882538567,source_validation_precision_0.75,sarc_random/val,137065,639638,299292,0.055886622001708,1.9054025029981856,0.7797663763299996,0.7933728221319775,average_precision,0.7045854156786926,0.7541206661958975,0.6255,0.6838147445358072,0.192416461265002,52789,14276,26215,43785
sarc_random,val,CNB,sarc_random__cnb_reply_tfidf_surface,sarc_random,reply_tfidf_surface,2,3244,0.5,default_0.50,fixed,137066,639638,299315,0.0610311759955948,1.8768821479970936,0.7381379471981818,0.7409121059770607,average_precision,0.6815621671311631,0.7282491006251964,0.5975468210411681,0.656455383356028,0.2236391609926917,51718,15561,28086,41701
sarc_random,val,CNB,sarc_random__cnb_reply_tfidf_surface,sarc_random,reply_tfidf_surface,2,3244,0.5916430963114678,source_validation_precision_0.75,sarc_random/val,137066,639638,299315,0.0610311759955948,1.8768821479970936,0.7381379471981818,0.7409121059770607,average_precision,0.6675324296324399,0.7500051617698676,0.5205124163526158,0.6145322280493994,0.2236391609926917,55171,12108,33462,36325
sarc_random,test,CNB,sarc_random__cnb_reply_tfidf_surface,sarc_random,reply_tfidf_surface,2,3244,0.5,default_0.50,fixed,137065,639638,299315,0.0610311759955948,1.816219906002516,0.7405522864811325,0.7446759904473165,average_precision,0.6828949768358078,0.733312231835127,0.5957428571428571,0.6574076993410474,0.2225074580941851,51899,15166,28298,41702
sarc_random,test,CNB,sarc_random__cnb_reply_tfidf_surface,sarc_random,reply_tfidf_surface,2,3244,0.5916430963114678,source_validation_precision_0.75,sarc_random/val,137065,639638,299315,0.0610311759955948,1.816219906002516,0.7405522864811325,0.7446759904473165,average_precision,0.6688067705103418,0.7546943254042192,0.5207714285714286,0.6162819201541804,0.2225074580941851,55216,11849,33546,36454
sarc_random,val,LR,sarc_random__lr_reply_tfidf,sarc_random,reply_tfidf,2,3244,0.5,default_0.50,fixed,137066,639638,299292,9.838026997997076,1.8154918889995315,0.7913867933042598,0.8015269674838614,average_precision,0.7195730523981148,0.7357639202238065,0.7009614971269721,0.7179411915786693,0.1860216827916379,49711,17568,20869,48918
sarc_random,val,LR,sarc_random__lr_reply_tfidf,sarc_random,reply_tfidf,2,3244,0.5224220047362785,source_validation_precision_0.75,sarc_random/val,137066,639638,299292,9.838026997997076,1.8154918889995315,0.7913867933042598,0.8015269674838614,average_precision,0.7190915325463645,0.7500079915609117,0.6724031696447762,0.7090885737384117,0.1860216827916379,51638,15641,22862,46925
sarc_random,test,LR,sarc_random__lr_reply_tfidf,sarc_random,reply_tfidf,2,3244,0.5,default_0.50,fixed,137065,639638,299292,9.838026997997076,1.769902863998141,0.794062372751382,0.8047225410970328,average_precision,0.7205559406121184,0.7395194196765906,0.6990571428571428,0.718719247998825,0.184908058840712,49829,17236,21066,48934
sarc_random,test,LR,sarc_random__lr_reply_tfidf,sarc_random,reply_tfidf,2,3244,0.5224220047362785,source_validation_precision_0.75,sarc_random/val,137065,639638,299292,9.838026997997076,1.769902863998141,0.794062372751382,0.8047225410970328,average_precision,0.7208112939116478,0.7547403066548928,0.6715571428571429,0.7107230600597195,0.184908058840712,51789,15276,22991,47009
figlang_reddit,test,LR,sarc_random__lr_reply_tfidf,sarc_random,reply_tfidf,2,3244,0.5,default_0.50,fixed,1756,639638,299292,9.838026997997076,0.0283083180038374,0.7561953612787812,0.7630965010543045,average_precision,0.6930523917995444,0.7056650246305419,0.6563573883161512,0.6801186943620178,0.1998168053306193,644,239,300,573
figlang_reddit,test,LR,sarc_random__lr_reply_tfidf,sarc_random,reply_tfidf,2,3244,0.5224220047362785,source_validation_precision_0.75,sarc_random/val,1756,639638,299292,9.838026997997076,0.0283083180038374,0.7561953612787812,0.7630965010543045,average_precision,0.6907744874715261,0.71484375,0.6288659793814433,0.6691042047531993,0.1998168053306193,664,219,324,549
figlang_twitter,test,LR,sarc_random__lr_reply_tfidf,sarc_random,reply_tfidf,2,3244,0.5,default_0.50,fixed,1715,639638,299292,9.838026997997076,0.0456480980064952,0.668319018404908,0.6546227619122809,average_precision,0.6233236151603498,0.6410684474123539,0.4711656441717791,0.5431400282885431,0.2328853520175271,685,215,431,384
figlang_twitter,test,LR,sarc_random__lr_reply_tfidf,sarc_random,reply_tfidf,2,3244,0.5224220047362785,source_validation_precision_0.75,sarc_random/val,1715,639638,299292,9.838026997997076,0.0456480980064952,0.668319018404908,0.6546227619122809,average_precision,0.6244897959183674,0.6574585635359116,0.4380368098159509,0.5257731958762887,0.2328853520175271,714,186,458,357
tweeteval_irony,test,LR,sarc_random__lr_reply_tfidf,sarc_random,reply_tfidf,2,3244,0.5,default_0.50,fixed,780,639638,299292,9.838026997997076,0.0137069410047843,0.6153260123541524,0.5145649992823631,average_precision,0.6166666666666667,0.5263157894736842,0.3548387096774194,0.4238921001926782,0.2381777559571599,371,99,200,110
tweeteval_irony,test,LR,sarc_random__lr_reply_tfidf,sarc_random,reply_tfidf,2,3244,0.5224220047362785,source_validation_precision_0.75,sarc_random/val,780,639638,299292,9.838026997997076,0.0137069410047843,0.6153260123541524,0.5145649992823631,average_precision,0.6256410256410256,0.5459183673469388,0.3451612903225806,0.4229249011857707,0.2381777559571599,381,89,203,107
news_headlines,test,LR,sarc_random__lr_reply_tfidf,sarc_random,reply_tfidf,2,3244,0.5,default_0.50,fixed,4257,639638,299292,9.838026997997076,0.0527684820044669,0.4167899504843803,0.4157373214705838,average_precision,0.4651162790697674,0.4004702194357367,0.2525951557093425,0.3097908457108214,0.3011036100258339,1469,765,1512,511
news_headlines,test,LR,sarc_random__lr_reply_tfidf,sarc_random,reply_tfidf,2,3244,0.5224220047362785,source_validation_precision_0.75,sarc_random/val,4257,639638,299292,9.838026997997076,0.0527684820044669,0.4167899504843803,0.4157373214705838,average_precision,0.4674653511862814,0.3878676470588235,0.208601087493821,0.2712954034072645,0.3011036100258339,1568,666,1601,422
sarc_random,val,LR,sarc_random__lr_reply_tfidf_surface,sarc_random,reply_tfidf_surface,2,3244,0.5,default_0.50,fixed,137066,639638,299315,66.79814831099793,1.9842664459938533,0.8004614293953465,0.8129604203188273,average_precision,0.7263508090992661,0.743758589962393,0.7056471835728717,0.7242018264974485,0.1817954900821614,50313,16966,20542,49245
sarc_random,val,LR,sarc_random__lr_reply_tfidf_surface,sarc_random,reply_tfidf_surface,2,3244,0.510237756212528,source_validation_precision_0.75,sarc_random/val,137066,639638,299315,66.79814831099793,1.9842664459938533,0.8004614293953465,0.8129604203188273,average_precision,0.7263799921205842,0.7500038720669093,0.6938828148509034,0.7208526854829106,0.1817954900821614,51138,16141,21363,48424
sarc_random,test,LR,sarc_random__lr_reply_tfidf_surface,sarc_random,reply_tfidf_surface,2,3244,0.5,default_0.50,fixed,137065,639638,299315,66.79814831099793,1.947621109997272,0.8028814140865471,0.8159277620062595,average_precision,0.7283040893006968,0.7483549140309913,0.7051,0.7260838224693646,0.180740315331071,50468,16597,20643,49357
sarc_random,test,LR,sarc_random__lr_reply_tfidf_surface,sarc_random,reply_tfidf_surface,2,3244,0.510237756212528,source_validation_precision_0.75,sarc_random/val,137065,639638,299315,66.79814831099793,1.947621109997272,0.8028814140865471,0.8159277620062595,average_precision,0.728639696494364,0.7548632691112492,0.6940428571428572,0.7231765406370944,0.180740315331071,51288,15777,21417,48583
figlang_reddit,test,LR,sarc_random__lr_reply_tfidf_surface,sarc_random,reply_tfidf_surface,2,3244,0.5,default_0.50,fixed,1756,639638,299315,66.79814831099793,0.0350074240050162,0.7593191491569795,0.7650258493862496,average_precision,0.6976082004555809,0.7050359712230215,0.6735395189003437,0.6889279437609842,0.1992251306394943,637,246,285,588
figlang_reddit,test,LR,sarc_random__lr_reply_tfidf_surface,sarc_random,reply_tfidf_surface,2,3244,0.510237756212528,source_validation_precision_0.75,sarc_random/val,1756,639638,299315,66.79814831099793,0.0350074240050162,0.7593191491569795,0.7650258493862496,average_precision,0.6941913439635535,0.7089552238805971,0.6529209621993127,0.6797853309481217,0.1992251306394943,649,234,303,570
figlang_twitter,test,LR,sarc_random__lr_reply_tfidf_surface,sarc_random,reply_tfidf_surface,2,3244,0.5,default_0.50,fixed,1715,639638,299315,66.79814831099793,0.0515676170034566,0.6465725971370143,0.6274376898458884,average_precision,0.6075801749271137,0.6267857142857143,0.4306748466257669,0.5105454545454545,0.2490472997174637,691,209,464,351
figlang_twitter,test,LR,sarc_random__lr_reply_tfidf_surface,sarc_random,reply_tfidf_surface,2,3244,0.510237756212528,source_validation_precision_0.75,sarc_random/val,1715,639638,299315,66.79814831099793,0.0515676170034566,0.6465725971370143,0.6274376898458884,average_precision,0.606997084548105,0.6307977736549165,0.4171779141104294,0.5022156573116692,0.2490472997174637,701,199,475,340
tweeteval_irony,test,LR,sarc_random__lr_reply_tfidf_surface,sarc_random,reply_tfidf_surface,2,3244,0.5,default_0.50,fixed,780,639638,299315,66.79814831099793,0.0164813569936086,0.5847083047357584,0.5029988691481846,average_precision,0.5974358974358974,0.4919354838709677,0.3935483870967742,0.4372759856630824,0.2514739463168287,344,126,188,122
tweeteval_irony,test,LR,sarc_random__lr_reply_tfidf_surface,sarc_random,reply_tfidf_surface,2,3244,0.510237756212528,source_validation_precision_0.75,sarc_random/val,780,639638,299315,66.79814831099793,0.0164813569936086,0.5847083047357584,0.5029988691481846,average_precision,0.5987179487179487,0.4937238493723849,0.3806451612903225,0.4298724954462659,0.2514739463168287,349,121,192,118
news_headlines,test,LR,sarc_random__lr_reply_tfidf_surface,sarc_random,reply_tfidf_surface,2,3244,0.5,default_0.50,fixed,4257,639638,299315,66.79814831099793,0.0567786109968437,0.4209591045855384,0.4172711377544414,average_precision,0.460183227625088,0.3992673992673993,0.2694018783984181,0.3217237308146399,0.2997738042827915,1414,820,1478,545
news_headlines,test,LR,sarc_random__lr_reply_tfidf_surface,sarc_random,reply_tfidf_surface,2,3244,0.510237756212528,source_validation_precision_0.75,sarc_random/val,4257,639638,299315,66.79814831099793,0.0567786109968437,0.4209591045855384,0.4172711377544414,average_precision,0.4627672069532534,0.396551724137931,0.250123578843302,0.3067596241285238,0.2997738042827915,1464,770,1517,506
sarc_temporal,val,MNB,sarc_temporal__mnb_reply_tfidf,sarc_temporal,reply_tfidf,2,3244,0.5,default_0.50,fixed,182441,484447,239858,0.0409561729975394,2.204100581999228,0.7657338570385259,0.7763559057146873,average_precision,0.6883047122083303,0.6728860384805131,0.741997606354042,0.7057539066542482,0.1991009456326821,57378,33153,23713,68197
sarc_temporal,val,MNB,sarc_temporal__mnb_reply_tfidf,sarc_temporal,reply_tfidf,2,3244,0.5464574626932269,source_validation_precision_0.75,sarc_random/val,182441,484447,239858,0.0409561729975394,2.204100581999228,0.7657338570385259,0.7763559057146873,average_precision,0.6953042353418365,0.7127294451147372,0.662006310521162,0.6864321211198168,0.1991009456326821,66007,24524,31065,60845
sarc_temporal,test,MNB,sarc_temporal__mnb_reply_tfidf,sarc_temporal,reply_tfidf,2,3244,0.5,default_0.50,fixed,242091,484447,239858,0.0409561729975394,2.975838228005159,0.7635945622515223,0.7454399464839682,average_precision,0.682012135932356,0.6304074921251049,0.7384412749104622,0.6801612032074452,0.2022499356520419,83255,47989,28993,81854
sarc_temporal,test,MNB,sarc_temporal__mnb_reply_tfidf,sarc_temporal,reply_tfidf,2,3244,0.5464574626932269,source_validation_precision_0.75,sarc_random/val,242091,484447,239858,0.0409561729975394,2.975838228005159,0.7635945622515223,0.7454399464839682,average_precision,0.6971593326476407,0.6729362109958162,0.6587729031908848,0.6657792406125064,0.2022499356520419,95753,35491,37824,73023
sarc_temporal,val,MNB,sarc_temporal__mnb_reply_tfidf_surface,sarc_temporal,reply_tfidf_surface,2,3244,0.5,default_0.50,fixed,182441,484447,239881,0.0504799600021215,2.3862139499979094,0.7215445516960637,0.7195971929699252,average_precision,0.6708963445716698,0.7022132541435062,0.602034599064302,0.6482765892635377,0.2313518904340261,67066,23465,36577,55333
sarc_temporal,val,MNB,sarc_temporal__mnb_reply_tfidf_surface,sarc_temporal,reply_tfidf_surface,2,3244,0.6003785784395138,source_validation_precision_0.75,sarc_random/val,182441,484447,239881,0.0504799600021215,2.3862139499979094,0.7215445516960637,0.7195971929699252,average_precision,0.6596214666659358,0.7287558127043079,0.5166467196170167,0.6046387256556036,0.2313518904340261,72857,17674,44425,47485
sarc_temporal,test,MNB,sarc_temporal__mnb_reply_tfidf_surface,sarc_temporal,reply_tfidf_surface,2,3244,0.5,default_0.50,fixed,242091,484447,239881,0.0504799600021215,3.181890561994805,0.7181361849310197,0.6800182096775742,average_precision,0.6739490522159023,0.6604652098271302,0.5924923543262335,0.6246350208763304,0.231513053204815,97481,33763,45171,65676
sarc_temporal,test,MNB,sarc_temporal__mnb_reply_tfidf_surface,sarc_temporal,reply_tfidf_surface,2,3244,0.6003785784395138,source_validation_precision_0.75,sarc_random/val,242091,484447,239881,0.0504799600021215,3.181890561994805,0.7181361849310197,0.6800182096775742,average_precision,0.6685833013205777,0.6876731811382751,0.5059947495196081,0.5830080713480139,0.231513053204815,105770,25474,54759,56088
sarc_temporal,val,CNB,sarc_temporal__cnb_reply_tfidf,sarc_temporal,reply_tfidf,2,3244,0.5,default_0.50,fixed,182441,484447,239858,0.0465293480010586,2.3648361500017927,0.7657338570385258,0.7763559057146873,average_precision,0.6936050558810793,0.7036337521629478,0.676923076923077,0.6900200187433109,0.1974971397429211,64326,26205,29694,62216
sarc_temporal,val,CNB,sarc_temporal__cnb_reply_tfidf,sarc_temporal,reply_tfidf,2,3244,0.5374513882538567,source_validation_precision_0.75,sarc_random/val,182441,484447,239858,0.0465293480010586,2.3648361500017927,0.7657338570385258,0.7763559057146873,average_precision,0.6945368639724623,0.7374050209314839,0.6113698183005114,0.6684987894902773,0.1974971397429211,70521,20010,35719,56191
sarc_temporal,test,CNB,sarc_temporal__cnb_reply_tfidf,sarc_temporal,reply_tfidf,2,3244,0.5,default_0.50,fixed,242091,484447,239858,0.0465293480010586,3.2150109820067883,0.7635945622515223,0.7454399464839682,average_precision,0.6939828411630338,0.6630765545569879,0.674262722491362,0.6686228552003006,0.1981573893073069,93267,37977,36107,74740
sarc_temporal,test,CNB,sarc_temporal__cnb_reply_tfidf,sarc_temporal,reply_tfidf,2,3244,0.5374513882538567,source_validation_precision_0.75,sarc_random/val,242091,484447,239858,0.0465293480010586,3.2150109820067883,0.7635945622515223,0.7454399464839682,average_precision,0.7006993238079896,0.6992805157860859,0.6076303373117902,0.650241835050153,0.1981573893073069,102279,28965,43493,67354
sarc_temporal,val,CNB,sarc_temporal__cnb_reply_tfidf_surface,sarc_temporal,reply_tfidf_surface,2,3244,0.5,default_0.50,fixed,182441,484447,239881,0.0454268249959568,2.4987846200019703,0.7215445516960637,0.7195971929699252,average_precision,0.6681009202975209,0.7140477815699658,0.5690784463061691,0.6333736982320174,0.2336803210249424,69585,20946,39606,52304
sarc_temporal,val,CNB,sarc_temporal__cnb_reply_tfidf_surface,sarc_temporal,reply_tfidf_surface,2,3244,0.5916430963114678,source_validation_precision_0.75,sarc_random/val,182441,484447,239881,0.0454268249959568,2.4987846200019703,0.7215445516960637,0.7195971929699252,average_precision,0.6550391633459585,0.7337183603013535,0.4948427809813948,0.5910576554448754,0.2336803210249424,74025,16506,46429,45481
sarc_temporal,test,CNB,sarc_temporal__cnb_reply_tfidf_surface,sarc_temporal,reply_tfidf_surface,2,3244,0.5,default_0.50,fixed,242091,484447,239881,0.0454268249959568,3.138366756000323,0.7181361849310197,0.6800182096775742,average_precision,0.6731807460830844,0.6722739267834453,0.5584724891066064,0.6101118612329375,0.2322809469959373,101066,30178,48942,61905
sarc_temporal,test,CNB,sarc_temporal__cnb_reply_tfidf_surface,sarc_temporal,reply_tfidf_surface,2,3244,0.5916430963114678,source_validation_precision_0.75,sarc_random/val,242091,484447,239881,0.0454268249959568,3.138366756000323,0.7181361849310197,0.6800182096775742,average_precision,0.6654729006861057,0.6926093631074474,0.4843523054300071,0.5700558493130322,0.2322809469959373,107416,23828,57158,53689
sarc_temporal,val,LR,sarc_temporal__lr_reply_tfidf,sarc_temporal,reply_tfidf,2,3244,0.5,default_0.50,fixed,182441,484447,239858,5.789131787998485,2.215782102000958,0.7789997150974317,0.7859304755964976,average_precision,0.7065571883513027,0.7099142269484924,0.706005875312806,0.7079546570365602,0.1914630187014255,64016,26515,27021,64889
sarc_temporal,val,LR,sarc_temporal__lr_reply_tfidf,sarc_temporal,reply_tfidf,2,3244,0.5224220047362785,source_validation_precision_0.75,sarc_random/val,182441,484447,239858,5.789131787998485,2.215782102000958,0.7789997150974317,0.7859304755964976,average_precision,0.7075328462352213,0.724656767907508,0.6764987487759765,0.6997501575582966,0.1914630187014255,66906,23625,29733,62177
sarc_temporal,test,LR,sarc_temporal__lr_reply_tfidf,sarc_temporal,reply_tfidf,2,3244,0.5,default_0.50,fixed,242091,484447,239858,5.789131787998485,3.1000283600005787,0.7769425974824411,0.7561700245246974,average_precision,0.7051645868702265,0.6699681336663509,0.7017781266069447,0.6855043025771401,0.1929595406695573,92924,38320,33057,77790
sarc_temporal,test,LR,sarc_temporal__lr_reply_tfidf,sarc_temporal,reply_tfidf,2,3244,0.5224220047362785,source_validation_precision_0.75,sarc_random/val,242091,484447,239858,5.789131787998485,3.1000283600005787,0.7769425974824411,0.7561700245246974,average_precision,0.7096918101044648,0.6863458464252247,0.673955993396303,0.6800944955005394,0.1929595406695573,97104,34140,36141,74706
sarc_temporal,val,LR,sarc_temporal__lr_reply_tfidf_surface,sarc_temporal,reply_tfidf_surface,2,3244,0.5,default_0.50,fixed,182441,484447,239881,50.209583602998464,2.33938145400316,0.7879793212839132,0.7984969508222727,average_precision,0.7146803624185353,0.7212354012167503,0.7068436513981069,0.7139670084511995,0.1873748619922599,65421,25110,26944,64966
sarc_temporal,val,LR,sarc_temporal__lr_reply_tfidf_surface,sarc_temporal,reply_tfidf_surface,2,3244,0.510237756212528,source_validation_precision_0.75,sarc_random/val,182441,484447,239881,50.209583602998464,2.33938145400316,0.7879793212839132,0.7984969508222727,average_precision,0.7153381093065704,0.7274465179790623,0.6955499945598955,0.7111407753490183,0.1873748619922599,66579,23952,27982,63928
sarc_temporal,test,LR,sarc_temporal__lr_reply_tfidf_surface,sarc_temporal,reply_tfidf_surface,2,3244,0.5,default_0.50,fixed,242091,484447,239881,50.209583602998464,3.2782514989958145,0.7856084238306503,0.7693789485525584,average_precision,0.7141735958792355,0.6824253891502203,0.7028155926637618,0.692470423010942,0.1886134272388684,94990,36254,32942,77905
sarc_temporal,test,LR,sarc_temporal__lr_reply_tfidf_surface,sarc_temporal,reply_tfidf_surface,2,3244,0.510237756212528,source_validation_precision_0.75,sarc_random/val,242091,484447,239881,50.209583602998464,3.2782514989958145,0.7856084238306503,0.7693789485525584,average_precision,0.7162017588427492,0.6896340695141926,0.6912952087111063,0.6904636400088304,0.1886134272388684,96758,34486,34219,76628
sarc_subreddit,val,MNB,sarc_subreddit__mnb_reply_tfidf,sarc_subreddit,reply_tfidf,2,3244,0.5,default_0.50,fixed,135123,639838,298923,0.0575007329971413,1.8373884999964505,0.7759984758522673,0.7893525110215167,average_precision,0.7022564626303442,0.7129110571617745,0.7004611625923409,0.7066312765243769,0.1934954922157576,46438,19512,20720,48453
sarc_subreddit,val,MNB,sarc_subreddit__mnb_reply_tfidf,sarc_subreddit,reply_tfidf,2,3244,0.5464574626932269,source_validation_precision_0.75,sarc_random/val,135123,639838,298923,0.0575007329971413,1.8373884999964505,0.7759984758522673,0.7893525110215167,average_precision,0.70235267126988,0.7524940700432537,0.6237260202680236,0.6820858595040669,0.1934954922157576,51759,14191,26028,43145
sarc_subreddit,test,MNB,sarc_subreddit__mnb_reply_tfidf,sarc_subreddit,reply_tfidf,2,3244,0.5,default_0.50,fixed,135534,639838,298923,0.0575007329971413,1.760254946006171,0.7716433192549129,0.7785009412755319,average_precision,0.6984668053772485,0.7029187356182633,0.6860925586618595,0.694403732838812,0.1954809357063295,48234,19624,21244,46432
sarc_subreddit,test,MNB,sarc_subreddit__mnb_reply_tfidf,sarc_subreddit,reply_tfidf,2,3244,0.5464574626932269,source_validation_precision_0.75,sarc_random/val,135534,639838,298923,0.0575007329971413,1.760254946006171,0.7716433192549129,0.7785009412755319,average_precision,0.6980462466982454,0.7432041747731695,0.6039659554347183,0.666389507063494,0.1954809357063295,53735,14123,26802,40874
sarc_subreddit,val,MNB,sarc_subreddit__mnb_reply_tfidf_surface,sarc_subreddit,reply_tfidf_surface,2,3244,0.5,default_0.50,fixed,135123,639838,298946,0.0707592199978535,1.8067733970019615,0.7373485753440568,0.7428570804285872,average_precision,0.6822672676006305,0.7278806405669226,0.605828863863068,0.6612700892328812,0.2244220755047666,50283,15667,27266,41907
sarc_subreddit,val,MNB,sarc_subreddit__mnb_reply_tfidf_surface,sarc_subreddit,reply_tfidf_surface,2,3244,0.6003785784395138,source_validation_precision_0.75,sarc_random/val,135123,639838,298946,0.0707592199978535,1.8067733970019615,0.7373485753440568,0.7428570804285872,average_precision,0.6674215344537939,0.7505790387955993,0.5246989432292947,0.6176347965183061,0.2244220755047666,53889,12061,32878,36295
sarc_subreddit,test,MNB,sarc_subreddit__mnb_reply_tfidf_surface,sarc_subreddit,reply_tfidf_surface,2,3244,0.5,default_0.50,fixed,135534,639838,298946,0.0707592199978535,1.8293537610006751,0.7302408466757324,0.724860871692369,average_precision,0.6738087859872799,0.7080097861929582,0.5901057982150245,0.6437033574571654,0.2275311219573228,51388,16470,27740,39936
sarc_subreddit,test,MNB,sarc_subreddit__mnb_reply_tfidf_surface,sarc_subreddit,reply_tfidf_surface,2,3244,0.6003785784395138,source_validation_precision_0.75,sarc_random/val,135534,639838,298946,0.0707592199978535,1.8293537610006751,0.7302408466757324,0.724860871692369,average_precision,0.6604689598182006,0.7315472117687307,0.5055411076304747,0.5978994093180945,0.2275311219573228,55303,12555,33463,34213
sarc_subreddit,val,CNB,sarc_subreddit__cnb_reply_tfidf,sarc_subreddit,reply_tfidf,2,3244,0.5,default_0.50,fixed,135123,639838,298923,0.0622891390012227,1.7824523379968014,0.7759984758522673,0.7893525110215167,average_precision,0.7031001383924277,0.7221024629638123,0.6828097668165325,0.701906644276352,0.1934172827507568,47773,18177,21941,47232
sarc_subreddit,val,CNB,sarc_subreddit__cnb_reply_tfidf,sarc_subreddit,reply_tfidf,2,3244,0.5374513882538567,source_validation_precision_0.75,sarc_random/val,135123,639838,298923,0.0622891390012227,1.7824523379968014,0.7759984758522673,0.7893525110215167,average_precision,0.7017902207618244,0.7536183517178389,0.620256458444769,0.6804646921216446,0.1934172827507568,51923,14027,26268,42905
sarc_subreddit,test,CNB,sarc_subreddit__cnb_reply_tfidf,sarc_subreddit,reply_tfidf,2,3244,0.5,default_0.50,fixed,135534,639838,298923,0.0622891390012227,1.7021266109950377,0.7716433192549129,0.7785009412755319,average_precision,0.6988430947216197,0.7117315969539786,0.6670459247000414,0.6886646377275882,0.1953597839250962,49574,18284,22533,45143
sarc_subreddit,test,CNB,sarc_subreddit__cnb_reply_tfidf,sarc_subreddit,reply_tfidf,2,3244,0.5374513882538567,source_validation_precision_0.75,sarc_random/val,135534,639838,298923,0.0622891390012227,1.7021266109950377,0.7716433192549129,0.7785009412755319,average_precision,0.6978101435802087,0.7448902901765255,0.6004491991252439,0.6649158546662413,0.1953597839250962,53941,13917,27040,40636
sarc_subreddit,val,CNB,sarc_subreddit__cnb_reply_tfidf_surface,sarc_subreddit,reply_tfidf_surface,2,3244,0.5,default_0.50,fixed,135123,639838,298946,0.0624784340034239,1.9266809109976748,0.7373485753440568,0.7428570804285872,average_precision,0.6812607772177942,0.7314020282249486,0.5963887644022957,0.6570311442381965,0.2251518613578572,50800,15150,27919,41254
sarc_subreddit,val,CNB,sarc_subreddit__cnb_reply_tfidf_surface,sarc_subreddit,reply_tfidf_surface,2,3244,0.5916430963114678,source_validation_precision_0.75,sarc_random/val,135123,639838,298946,0.0624784340034239,1.9266809109976748,0.7373485753440568,0.7428570804285872,average_precision,0.6671255078706068,0.7510167662682603,0.5232243794544114,0.6167596813360031,0.2251518613578572,53951,11999,32980,36193
sarc_subreddit,test,CNB,sarc_subreddit__cnb_reply_tfidf_surface,sarc_subreddit,reply_tfidf_surface,2,3244,0.5,default_0.50,fixed,135534,639838,298946,0.0624784340034239,1.909726028003206,0.7302408466757324,0.724860871692369,average_precision,0.6726208921746573,0.7108324739003782,0.5805159879425498,0.6390987840091098,0.2281993856984766,51876,15982,28389,39287
sarc_subreddit,test,CNB,sarc_subreddit__cnb_reply_tfidf_surface,sarc_subreddit,reply_tfidf_surface,2,3244,0.5916430963114678,source_validation_precision_0.75,sarc_random/val,135534,639838,298946,0.0624784340034239,1.909726028003206,0.7302408466757324,0.724860871692369,average_precision,0.6601812091430932,0.731968497178051,0.5040043737809563,0.5969634653248742,0.2281993856984766,55368,12490,33567,34109
sarc_subreddit,val,LR,sarc_subreddit__lr_reply_tfidf,sarc_subreddit,reply_tfidf,2,3244,0.5,default_0.50,fixed,135123,639838,298923,8.713397808998707,1.7874315769950044,0.7906921981889207,0.8012718174484934,average_precision,0.7189745639158397,0.7385685884691849,0.6981770343920316,0.7178050429910153,0.1862191800552269,48855,17095,20878,48295
sarc_subreddit,val,LR,sarc_subreddit__lr_reply_tfidf,sarc_subreddit,reply_tfidf,2,3244,0.5224220047362785,source_validation_precision_0.75,sarc_random/val,135123,639838,298923,8.713397808998707,1.7874315769950044,0.7906921981889207,0.8012718174484934,average_precision,0.719152179865752,0.7531128404669261,0.6715336908909546,0.7099875432737499,0.1862191800552269,50722,15228,22721,46452
sarc_subreddit,test,LR,sarc_subreddit__lr_reply_tfidf,sarc_subreddit,reply_tfidf,2,3244,0.5,default_0.50,fixed,135534,639838,298923,8.713397808998707,1.7001631329985685,0.7880713098141368,0.7931018895524637,average_precision,0.7158794103324627,0.7289194449676649,0.686181216383947,0.7069049503744749,0.1873126192977306,50588,17270,21238,46438
sarc_subreddit,test,LR,sarc_subreddit__lr_reply_tfidf,sarc_subreddit,reply_tfidf,2,3244,0.5224220047362785,source_validation_precision_0.75,sarc_random/val,135534,639838,298923,8.713397808998707,1.7001631329985685,0.7880713098141368,0.7931018895524637,average_precision,0.7156875765490578,0.7432960427450326,0.6577811927418878,0.6979289152281956,0.1873126192977306,52484,15374,23160,44516
sarc_subreddit,val,LR,sarc_subreddit__lr_reply_tfidf_surface,sarc_subreddit,reply_tfidf_surface,2,3244,0.5,default_0.50,fixed,135123,639838,298946,65.8557668039939,2.0212291370044118,0.8000610394522696,0.8135782452601004,average_precision,0.7274187222012537,0.7473650395435285,0.7062871351538895,0.7262456891425854,0.1818767483923996,49435,16515,20317,48856
sarc_subreddit,val,LR,sarc_subreddit__lr_reply_tfidf_surface,sarc_subreddit,reply_tfidf_surface,2,3244,0.510237756212528,source_validation_precision_0.75,sarc_random/val,135123,639838,298946,65.8557668039939,2.0212291370044118,0.8000610394522696,0.8135782452601004,average_precision,0.7272781095742398,0.753132635799762,0.6951122547814899,0.7229602231293745,0.1818767483923996,50189,15761,21090,48083
sarc_subreddit,test,LR,sarc_subreddit__lr_reply_tfidf_surface,sarc_subreddit,reply_tfidf_surface,2,3244,0.5,default_0.50,fixed,135534,639838,298946,65.8557668039939,1.7559990730005666,0.7962556831653704,0.8035127036788392,average_precision,0.7223279767438429,0.7356161375329402,0.6929635321236479,0.7136531028395776,0.1835813158792614,51003,16855,20779,46897
sarc_subreddit,test,LR,sarc_subreddit__lr_reply_tfidf_surface,sarc_subreddit,reply_tfidf_surface,2,3244,0.510237756212528,source_validation_precision_0.75,sarc_random/val,135534,639838,298946,65.8557668039939,1.7559990730005666,0.7962556831653704,0.8035127036788392,average_precision,0.7221730340726312,0.741788953141863,0.6804627933092973,0.7098037100117913,0.1835813158792614,51828,16030,21625,46051
