model,ngram_max,alpha,val_roc_auc,val_average_precision,fit_seconds,vectorizer_fit_seconds,train_rows,val_rows,n_features,seed,converged,C,penalty
MNB,1,0.1,0.7254027281578985,0.7299290556071854,0.05206273600197164,3.7211844849953195,639638,137066,46213,3244,True,,
MNB,1,1.0,0.7342667946055379,0.7439413577123762,0.04263695899862796,3.7211844849953195,639638,137066,46213,3244,True,,
MNB,1,10.0,0.744336704790376,0.7545078329756435,0.041491491996566765,3.7211844849953195,639638,137066,46213,3244,True,,
CNB,1,0.1,0.7254027281578985,0.7299290556071854,0.041749281001102645,3.7211844849953195,639638,137066,46213,3244,True,,
CNB,1,1.0,0.7342667946055379,0.7439413577123762,0.04271542400238104,3.7211844849953195,639638,137066,46213,3244,True,,
CNB,1,10.0,0.744336704790376,0.7545078329756435,0.04253172300377628,3.7211844849953195,639638,137066,46213,3244,True,,
LR,1,,0.7508656615521463,0.7598140399468924,4.160494310999638,3.7211844849953195,639638,137066,46213,3244,True,0.1,l2
LR,1,,0.7555422467874722,0.7658009085990898,7.656888021003397,3.7211844849953195,639638,137066,46213,3244,True,1.0,l2
LR,1,,0.7447292075948567,0.7554802297191467,16.81471806299669,3.7211844849953195,639638,137066,46213,3244,True,10.0,l2
LR,1,,0.7554263411712063,0.7658583260051741,2.870095954000135,3.7211844849953195,639638,137066,46213,3244,True,1.0,l1
MNB,2,0.1,0.7645212170835235,0.7770814915736886,0.05482361099711852,10.508846885997627,639638,137066,299292,3244,True,,
MNB,2,1.0,0.7770739936127524,0.790059493354512,0.05409808299737051,10.508846885997627,639638,137066,299292,3244,True,,
MNB,2,10.0,0.7768207964948202,0.7891403376913084,0.058033287001308054,10.508846885997627,639638,137066,299292,3244,True,,
CNB,2,0.1,0.7645212170835235,0.7770814915736886,0.053917278004519176,10.508846885997627,639638,137066,299292,3244,True,,
CNB,2,1.0,0.7770739936127524,0.790059493354512,0.0629940099970554,10.508846885997627,639638,137066,299292,3244,True,,
CNB,2,10.0,0.7768207964948202,0.7891403376913084,0.05640086399944266,10.508846885997627,639638,137066,299292,3244,True,,
LR,2,,0.7717608641893613,0.7808397486969051,4.229832724005973,10.508846885997627,639638,137066,299292,3244,True,0.1,l2
LR,2,,0.7913867933042598,0.8015269674838614,9.867996597997262,10.508846885997627,639638,137066,299292,3244,True,1.0,l2
LR,2,,0.7711834239852022,0.7839596462909973,23.564292287999706,10.508846885997627,639638,137066,299292,3244,True,10.0,l2
LR,2,,0.7876901744001756,0.7981246521006531,6.276636096998118,10.508846885997627,639638,137066,299292,3244,True,1.0,l1
