dataset,model,representation,roc_auc,tuned_rep_roc_auc,auc_delta
sarc_random,lgbm,reply_tfidf,0.7963905951582153,0.8074291507173212,-0.011038555559105934
sarc_random,xgb,reply_tfidf,0.795039450107039,0.8060842057279185,-0.011044755620879476
sarc_random,lgbm,reply_tfidf_surface_context,0.809165123387758,0.8074291507173212,0.0017359726704367917
sarc_random,xgb,reply_tfidf_surface_context,0.8072525660606448,0.8060842057279185,0.0011683603327262704
sarc_random,lgbm,reply_tfidf_surface_subreddit,0.8158728894143208,0.8074291507173212,0.008443738696999548
sarc_random,xgb,reply_tfidf_surface_subreddit,0.8134530769722338,0.8060842057279185,0.007368871244315289
sarc_temporal,lgbm,reply_tfidf,0.7805690572499793,0.7917508942024828,-0.011181836952503521
sarc_temporal,xgb,reply_tfidf,0.7798146485523694,0.7906317716842632,-0.010817123131893869
sarc_temporal,lgbm,reply_tfidf_surface_context,0.7920314936643169,0.7917508942024828,0.000280599461834119
sarc_temporal,xgb,reply_tfidf_surface_context,0.7903693623470703,0.7906317716842632,-0.0002624093371929037
sarc_subreddit,lgbm,reply_tfidf,0.7926986234867602,0.8022966524129057,-0.009598028926145474
sarc_subreddit,xgb,reply_tfidf,0.7910227247465939,0.8014463758244521,-0.010423651077858254
sarc_subreddit,lgbm,reply_tfidf_surface_context,0.8033535156826128,0.8022966524129057,0.001056863269707109
sarc_subreddit,xgb,reply_tfidf_surface_context,0.8013301610173595,0.8014463758244521,-0.00011621480709256282
sarc_subreddit,lgbm,reply_tfidf_surface_subreddit,0.7983899707106633,0.8022966524129057,-0.003906681702242398
sarc_subreddit,xgb,reply_tfidf_surface_subreddit,0.7984247233365959,0.8014463758244521,-0.003021652487856241
