model,attribution,token,n_present,mean_attr_when_present,mean_abs_attr,rank,group
lgbm,saabas,tok:because,514,0.9362258178256739,0.09348344008316793,1,eda_marker
xgb,treeshap,tok:because,514,0.8976971221805082,0.09016787260770798,1,eda_marker
lgbm,saabas,tok:clearly,78,1.2610021220189243,0.017723065454249655,24,eda_marker
xgb,treeshap,tok:clearly,78,1.1001298366448817,0.01653245836496353,25,eda_marker
lgbm,saabas,tok:obviously,118,1.353540071566832,0.0271340644420528,11,eda_marker
xgb,treeshap,tok:obviously,118,1.1530309127548994,0.025295961648225784,11,eda_marker
lgbm,saabas,tok:sure,239,0.4300191966829487,0.018797930146754075,21,eda_marker
xgb,treeshap,tok:sure,239,0.5349655470588716,0.025270657613873482,12,eda_marker
lgbm,saabas,tok:totally,102,1.1189948705091406,0.020068882415588647,18,eda_marker
xgb,treeshap,tok:totally,102,1.0659030091528798,0.01970626413822174,20,eda_marker
lgbm,saabas,tok:wow,68,0.45048784946320425,0.005974131736336139,86,eda_marker
xgb,treeshap,tok:wow,68,0.45264589085298423,0.006481463089585304,79,eda_marker
lgbm,saabas,tok:yeah,424,0.33600383323241745,0.02768072199232854,9,eda_marker
xgb,treeshap,tok:yeah,424,0.32161727041568394,0.028746087104082108,7,eda_marker
lgbm,saabas,tok:racist,43,1.3347329351499866,0.01027811999167601,43,topic_word
xgb,treeshap,tok:racist,43,1.2857320918593296,0.00999858696013689,44,topic_word
lgbm,saabas,tok:white,70,0.39302326054570297,0.006002944730973238,85,topic_word
xgb,treeshap,tok:white,70,0.5094627380371094,0.00721481628715992,74,topic_word
lgbm,saabas,tok:women,64,0.6230275743476149,0.008445544654097241,57,topic_word
xgb,treeshap,tok:women,64,0.7711861729621887,0.009403537958860397,55,topic_word
