model,attribution,feature,value,mean_attr,n
xgb,treeshap,n_exclam,0.0,-0.09224136918783188,9060
xgb,treeshap,n_exclam,1.0,0.9676351547241211,938
xgb,treeshap,n_repeat_punct,0.0,-0.009238687343895435,9175
xgb,treeshap,n_repeat_punct,1.0,0.09282051026821136,719
xgb,treeshap,n_repeat_punct,2.0,0.11692577600479126,94
xgb,treeshap,n_interjections,0.0,-0.09364309161901474,7967
xgb,treeshap,n_interjections,1.0,0.40922412276268005,1737
xgb,treeshap,n_interjections,2.0,0.7075897455215454,271
xgb,treeshap,n_chars,13.0,0.1033497005701065,566
xgb,treeshap,n_chars,19.0,0.11292339861392975,472
xgb,treeshap,n_chars,22.0,0.13043849170207977,546
xgb,treeshap,n_chars,27.0,0.10580409318208694,506
xgb,treeshap,n_chars,30.0,0.10938911139965057,411
xgb,treeshap,n_chars,34.0,0.10197816789150238,533
xgb,treeshap,n_chars,37.0,0.101594477891922,480
xgb,treeshap,n_chars,41.0,0.09361337870359421,533
xgb,treeshap,n_chars,45.0,0.07294204831123352,536
xgb,treeshap,n_chars,48.0,0.05638321861624718,493
xgb,treeshap,n_chars,52.0,0.022369537502527237,436
xgb,treeshap,n_chars,57.0,0.008920618332922459,503
xgb,treeshap,n_chars,63.0,0.005752066615968943,557
xgb,treeshap,n_chars,69.0,-0.04448329284787178,493
xgb,treeshap,n_chars,75.0,-0.06727103888988495,480
xgb,treeshap,n_chars,82.0,-0.10527312010526657,499
xgb,treeshap,n_chars,91.0,-0.12649425864219666,457
xgb,treeshap,n_chars,103.0,-0.1762930154800415,502
xgb,treeshap,n_chars,124.0,-0.23824606835842133,504
xgb,treeshap,n_chars,169.0,-0.2831425666809082,493
xgb,treeshap,avg_word_len,3.0,-0.2730453312397003,506
xgb,treeshap,avg_word_len,3.4,-0.17815309762954712,685
xgb,treeshap,avg_word_len,3.5833333333333335,-0.14662669599056244,342
xgb,treeshap,avg_word_len,3.70479302832244,-0.12439652532339096,518
xgb,treeshap,avg_word_len,3.8260869565217392,-0.10429945588111877,491
xgb,treeshap,avg_word_len,4.0,-0.07793067395687103,928
xgb,treeshap,avg_word_len,4.043478260869565,-0.06692366302013397,31
xgb,treeshap,avg_word_len,4.111111111111111,-0.021683482453227043,512
xgb,treeshap,avg_word_len,4.214285714285714,0.002085406333208084,650
xgb,treeshap,avg_word_len,4.3076923076923075,0.006655434612184763,486
xgb,treeshap,avg_word_len,4.384615384615385,0.03152056410908699,352
xgb,treeshap,avg_word_len,4.5,0.04232330992817879,532
xgb,treeshap,avg_word_len,4.577935222672064,0.06998585909605026,482
xgb,treeshap,avg_word_len,4.6923076923076925,0.10992079973220825,582
xgb,treeshap,avg_word_len,4.8125,0.12388373166322708,406
xgb,treeshap,avg_word_len,5.0,0.13064031302928925,660
xgb,treeshap,avg_word_len,5.142857142857143,0.15721015632152557,346
xgb,treeshap,avg_word_len,5.363636363636363,0.17212329804897308,527
xgb,treeshap,avg_word_len,5.777777777777778,0.19528310000896454,499
xgb,treeshap,avg_word_len,6.666666666666667,0.18914638459682465,465
xgb,treeshap,allcaps_ratio,0.0,-0.011714499443769455,9019
xgb,treeshap,allcaps_ratio,0.08695652173913043,0.07296451926231384,497
xgb,treeshap,allcaps_ratio,0.25,0.12117335945367813,484
lgbm,saabas,n_exclam,0.0,-0.0934388347817842,9060
lgbm,saabas,n_exclam,1.0,0.9826876412404366,938
lgbm,saabas,n_repeat_punct,0.0,-0.00686331573840477,9175
lgbm,saabas,n_repeat_punct,1.0,0.07484257573666672,719
lgbm,saabas,n_repeat_punct,2.0,0.06744138479133857,94
lgbm,saabas,n_interjections,0.0,-0.11457465810195236,7967
lgbm,saabas,n_interjections,1.0,0.44106218410416026,1737
lgbm,saabas,n_interjections,2.0,0.7097502773439742,271
lgbm,saabas,n_chars,13.0,-0.05886684658929161,566
lgbm,saabas,n_chars,19.0,-0.026859767090761353,472
lgbm,saabas,n_chars,22.0,0.022267518933803954,546
lgbm,saabas,n_chars,27.0,0.054349660426063914,506
lgbm,saabas,n_chars,30.0,0.0705324691720225,411
lgbm,saabas,n_chars,34.0,0.07491459681595698,533
lgbm,saabas,n_chars,37.0,0.08178038544231528,480
lgbm,saabas,n_chars,41.0,0.08134763274692698,533
lgbm,saabas,n_chars,45.0,0.07555123513533113,536
lgbm,saabas,n_chars,48.0,0.07044531924356007,493
lgbm,saabas,n_chars,52.0,0.04030226407306148,436
lgbm,saabas,n_chars,57.0,0.037775009964374086,503
lgbm,saabas,n_chars,63.0,0.027949890687596894,557
lgbm,saabas,n_chars,69.0,-0.00562603560872083,493
lgbm,saabas,n_chars,75.0,-0.03401648418325427,480
lgbm,saabas,n_chars,82.0,-0.07690939638103088,499
lgbm,saabas,n_chars,91.0,-0.08978132188440048,457
lgbm,saabas,n_chars,103.0,-0.11059444842506534,502
lgbm,saabas,n_chars,124.0,-0.14491492357110014,504
lgbm,saabas,n_chars,169.0,-0.16960705538758294,493
lgbm,saabas,avg_word_len,3.0,-0.2743512294736513,506
lgbm,saabas,avg_word_len,3.4,-0.174566578801742,685
lgbm,saabas,avg_word_len,3.5833333333333335,-0.14889827802934194,342
lgbm,saabas,avg_word_len,3.70479302832244,-0.11284686791286169,518
lgbm,saabas,avg_word_len,3.8260869565217392,-0.09441771368049556,491
lgbm,saabas,avg_word_len,4.0,-0.07042682244813102,928
lgbm,saabas,avg_word_len,4.043478260869565,-0.05655783733227521,31
lgbm,saabas,avg_word_len,4.111111111111111,-0.04094595270219559,512
lgbm,saabas,avg_word_len,4.214285714285714,-0.00810080355903839,650
lgbm,saabas,avg_word_len,4.3076923076923075,0.003232974177214101,486
lgbm,saabas,avg_word_len,4.384615384615385,0.02833859424959607,352
lgbm,saabas,avg_word_len,4.5,0.048313978544121366,532
lgbm,saabas,avg_word_len,4.577935222672064,0.06325593464752337,482
lgbm,saabas,avg_word_len,4.6923076923076925,0.0908739064652584,582
lgbm,saabas,avg_word_len,4.8125,0.11001773760412428,406
lgbm,saabas,avg_word_len,5.0,0.12413682488853274,660
lgbm,saabas,avg_word_len,5.142857142857143,0.1432177913590236,346
lgbm,saabas,avg_word_len,5.363636363636363,0.15137294023049083,527
lgbm,saabas,avg_word_len,5.777777777777778,0.17981887174550185,499
lgbm,saabas,avg_word_len,6.666666666666667,0.150348460982483,465
lgbm,saabas,allcaps_ratio,0.0,-0.010765801281671468,9019
lgbm,saabas,allcaps_ratio,0.08695652173913043,0.08957111449899764,497
lgbm,saabas,allcaps_ratio,0.25,0.12364940224961234,484
