model,attribution,feature,block,mean_abs_attr,mean_attr,gain_share,rank
lgbm,saabas,n_interjections,surface,0.18905899107990093,0.006495730860250815,0.03847003399853894,1
lgbm,saabas,n_exclam,surface,0.17703634380208996,0.007707784341504854,0.04921451963863996,2
lgbm,saabas,n_words,surface,0.12264787734510119,-0.00051260197341,0.024756972227837386,3
lgbm,saabas,avg_word_len,surface,0.1120835063761107,0.0028717424876653404,0.022612097660062506,4
lgbm,saabas,n_chars,surface,0.09529063204703538,-0.0038121756597026845,0.02381088132690642,5
lgbm,saabas,tok:because,text,0.09348344008316793,0.002760573989311736,0.025530058872594727,6
lgbm,saabas,starts_with_interjection,surface,0.0924156329009887,-0.00012606859510858588,0.024574134656158358,7
lgbm,saabas,tok:but,text,0.07261428733252744,0.004752601577269979,0.021045277916101956,8
lgbm,saabas,tok:so,text,0.04010276587222982,0.00027021946163254234,0.005767763056085162,9
lgbm,saabas,tok:all,text,0.03686663028508696,8.935830241299518e-05,0.006431274400233075,10
lgbm,saabas,tok:you,text,0.030943570568149927,-0.001085327317902504,0.006262745734222804,11
lgbm,saabas,tok:no,text,0.0293161616684249,5.911063446519718e-05,0.004125371072887451,12
lgbm,saabas,tok:we,text,0.028569161283645332,0.00023401052059963452,0.005876279885098756,13
lgbm,saabas,tok:it,text,0.02806976637313134,9.559602288508192e-05,0.006173855817368657,14
lgbm,saabas,tok:yeah,text,0.02768072199232854,0.001714553322928003,0.004810229568948936,15
lgbm,saabas,tok:the,text,0.027253566562064655,0.0004005691360476775,0.006311031960095576,16
lgbm,saabas,tok:obviously,text,0.0271340644420528,0.0048094812469245095,0.006785895485082075,17
lgbm,saabas,n_question,surface,0.02694630080095012,0.0009387946131554759,0.006035869512419804,18
lgbm,saabas,tok:yes,text,0.025465471900486352,-0.001753823432674925,0.007690994719669901,19
lgbm,saabas,n_scare_quotes,surface,0.023549812559778907,-0.0004873227806272479,0.002706896714392817,20
lgbm,saabas,allcaps_ratio,surface,0.022413043699871477,0.0007266392835419282,0.003257591563764197,21
lgbm,saabas,tok:and,text,0.021749491213677835,-0.00012346360202536164,0.004323841116339937,22
lgbm,saabas,tok:or,text,0.020841203113196725,0.00014574434983254534,0.0030582387112944036,23
lgbm,saabas,n_sentences,surface,0.0207282263358333,8.337790042624637e-05,0.001589569205148014,24
lgbm,saabas,tok:lol,text,0.02052167771182548,-0.001701567839480189,0.0054817978103361975,25
lgbm,saabas,tok:should,text,0.020389823264802962,0.00029754386924650837,0.0039617919741523,26
lgbm,saabas,tok:to,text,0.020074127755608545,-0.00016289117172833562,0.004145028683428566,27
lgbm,saabas,tok:totally,text,0.020068882415588647,0.002786699117365558,0.005004607891542732,28
lgbm,saabas,tok:not,text,0.019794902237841056,-0.0009590411380754218,0.002936106943218996,29
lgbm,saabas,tok:he,text,0.018891310159318907,-1.2284551424229745e-05,0.002629773688411388,30
lgbm,saabas,tok:sure,text,0.018797930146754075,0.0018083350682404937,0.0028808416066329187,31
lgbm,saabas,tok:think,text,0.018120747499115686,0.0005974430086048427,0.0028303104220276914,32
lgbm,saabas,tok:just,text,0.017762049396454642,0.0011600419035970406,0.0031652704873204765,33
lgbm,saabas,tok:clearly,text,0.017723065454249655,0.0019485676492455785,0.004951518709090808,34
lgbm,saabas,tok:only,text,0.017156286910049168,5.338221476707744e-05,0.0023341499156894117,35
lgbm,saabas,tok:they,text,0.016472880555952578,0.00043203205893251935,0.0025900522062951028,36
lgbm,saabas,tok:in,text,0.01640489186804289,0.00037751322038589205,0.002898907857913618,37
lgbm,saabas,tok:this,text,0.016065608148656072,0.000607418978359588,0.002615398295189683,38
lgbm,saabas,tok:is,text,0.015935431006724995,0.00045990873654416456,0.003337749171478098,39
lgbm,saabas,tok:pretty,text,0.014997561324337261,-0.0013641419597476207,0.002949075196317733,40
lgbm,saabas,tok:if,text,0.014914919078531036,-4.662500583581193e-05,0.002359720215839595,41
lgbm,saabas,tok:still,text,0.014306767043720177,-0.0011284515563772868,0.0023142330743523513,42
lgbm,saabas,n_ellipsis,surface,0.014085997044448408,2.3977672250120338e-05,0.0015484450846775073,43
lgbm,saabas,tok:was,text,0.01388583330255034,-0.00031163123045489013,0.002207277834979713,44
lgbm,saabas,tok:that,text,0.01357312338719345,0.0004115424790563164,0.0037315136393117803,45
lgbm,saabas,n_repeat_punct,surface,0.013237267643184709,-0.00016868254886324844,0.0009441472154759066,46
lgbm,saabas,tok:my,text,0.012618023568069596,0.0003287715608359972,0.0034716054016398967,47
lgbm,saabas,tok:what,text,0.012266108472714428,-0.0010795483432546834,0.0018258553275418256,48
lgbm,saabas,tok:man,text,0.011183397208953949,0.0003150402389325459,0.0022208824120090068,49
lgbm,saabas,tok:on,text,0.01107416368360082,0.00022660422858331478,0.0017908930338504485,50
lgbm,saabas,tok:one,text,0.01046982172476,0.0005446900149598026,0.0014124684424191415,51
lgbm,saabas,tok:nah,text,0.010454049327012768,-0.0008635337562112763,0.004026303868646528,52
lgbm,saabas,tok:must,text,0.010348580370523292,-8.563654772359778e-06,0.003041369555326781,53
lgbm,saabas,tok:also,text,0.01031218871856595,0.0005778109609013564,0.00199902729035761,54
lgbm,saabas,tok:racist,text,0.01027811999167601,0.0012005832506138845,0.0033846917244223173,55
lgbm,saabas,tok:of,text,0.010227620048907364,0.0004981494447612957,0.002524946824283543,56
lgbm,saabas,tok:some,text,0.009994950115326338,0.00021295101500473738,0.0013833578816537686,57
lgbm,saabas,tok:why,text,0.009948186525816112,-0.0007862028763342809,0.002076273997708448,58
lgbm,saabas,tok:with,text,0.009744194053380725,5.300944328362366e-05,0.0013401207602140345,59
lgbm,saabas,tok:would,text,0.009595499966519228,-5.435071495943056e-05,0.0013126695678078112,60
lgbm,saabas,tok:such,text,0.009545773335719139,0.0004565856782036826,0.0020601244171940592,61
lgbm,saabas,tok:duh,text,0.00915734753631588,0.00201320095555589,0.003132481400150443,62
lgbm,saabas,tok:me,text,0.008908210282043087,9.412693399729387e-05,0.0016845072671268012,63
lgbm,saabas,tok:of course,text,0.00888156161652208,0.0008716842935500823,0.0022404427886409542,64
lgbm,saabas,tok:people,text,0.00886895271461173,-5.9108020090113286e-05,0.001335804416553356,65
lgbm,saabas,tok:real,text,0.008748086881556852,0.00020227334056251923,0.001323988172724334,66
lgbm,saabas,tok:but but,text,0.00870532278528268,0.0029700379582404627,0.0021292529407582546,67
lgbm,saabas,tok:know,text,0.00856386848088695,-0.0001338793358640879,0.0017642189799298204,68
lgbm,saabas,tok:women,text,0.008445544654097241,-0.0004630544610498293,0.0025220933897495057,69
lgbm,saabas,tok:guys,text,0.00828212355076852,0.00025639822733832917,0.00140114986290091,70
lgbm,saabas,tok:can,text,0.008280792501908172,-0.00043513943130234087,0.0016223438167030115,71
lgbm,saabas,tok:for,text,0.00824643311326077,0.0005336422227426521,0.001957227959604741,72
lgbm,saabas,tok:those,text,0.008216102962635679,-0.00017672060008997318,0.0008968645276736565,73
lgbm,saabas,tok:ve,text,0.008120660148613143,0.0007451495896677912,0.0011181172209820587,74
lgbm,saabas,tok:right,text,0.008052630820639861,-0.00010043222751338727,0.001505380137000393,75
lgbm,saabas,tok:hey,text,0.008043605292661607,-0.0003104682885654608,0.0021798182141034815,76
lgbm,saabas,tok:better,text,0.008020326313139934,-0.00035721705359387343,0.000709533004748006,77
lgbm,saabas,tok:everyone,text,0.007969075942307429,0.0001951236982928319,0.0013562442455518884,78
lgbm,saabas,tok:do,text,0.007929014294144537,0.000860210681622204,0.0011970369667736209,79
lgbm,saabas,tok:well,text,0.007905280039314058,0.0002167567336610195,0.0009765085538735291,80
lgbm,saabas,n_elongation,surface,0.007820648885504758,-0.00040771606745400286,0.0013442815929589954,81
lgbm,saabas,tok:will,text,0.0077343268823813205,8.86743798544279e-05,0.0012069526378064215,82
lgbm,saabas,tok:as,text,0.007676545636132778,0.00016166545467860314,0.0011483053120956478,83
lgbm,saabas,tok:about,text,0.007494803368294871,-0.00015554471378354334,0.0007373705664660159,84
lgbm,saabas,tok:actually,text,0.007364805645636363,-0.000134977356592979,0.0010094241419368675,85
lgbm,saabas,tok:most,text,0.007072997889300424,-0.00019553031095163775,0.0010287549216212155,86
lgbm,saabas,tok:mean,text,0.007046707685410982,-0.00010508026094035998,0.0009194563946583953,87
lgbm,saabas,tok:like,text,0.006982197134055849,-7.090998525246697e-05,0.0016409154583920083,88
lgbm,saabas,tok:forgot,text,0.0068127532738304014,-0.000790611906096163,0.0029387490518972266,89
lgbm,saabas,tok:than,text,0.006751667403180676,-7.032955067037257e-05,0.0006613944625706187,90
lgbm,saabas,tok:your,text,0.006683258325646294,-0.00011786811441544811,0.000987015647323086,91
lgbm,saabas,tok:how,text,0.00663800353048999,-7.749288604183079e-05,0.001266667388794617,92
lgbm,saabas,tok:cause,text,0.006567751770925295,0.0006685894264278111,0.0014858019428399662,93
lgbm,saabas,tok:are,text,0.0065610954165363925,0.00041476785719903904,0.0014446514125363154,94
lgbm,saabas,tok:which,text,0.006502825654619337,0.0004112708606629535,0.0009078694404890042,95
lgbm,saabas,tok:never,text,0.006294695928199057,0.0001472708378209179,0.0011130003200433922,96
lgbm,saabas,tok:us,text,0.0061913200672474205,0.0004684155894043065,0.0008247115766765709,97
lgbm,saabas,tok:white,text,0.006002944730973238,-0.0004596154777102142,0.0020159646371314954,98
lgbm,saabas,tok:wow,text,0.005974131736336139,0.00018248968235971713,0.0012354089263585926,99
lgbm,saabas,tok:don you,text,0.005960830889908824,0.00012976391348422245,0.0022488308355440513,100
lgbm,saabas,tok:fault,text,0.005916716716838431,0.0002497405278584756,0.0018004537504357928,101
lgbm,saabas,tok:at,text,0.005758647653282301,0.00039238937561787257,0.0007237133179271331,102
lgbm,saabas,tok:even,text,0.00571733914082064,-5.988110161631108e-05,0.0007353300183558265,103
lgbm,saabas,tok:their,text,0.0056916721092501515,-0.0002724789201701811,0.0009229152421482166,104
lgbm,saabas,tok:yeah because,text,0.005672458414538053,0.002626983425766413,0.0007666761086596134,105
lgbm,saabas,tok:there,text,0.005538338874888754,0.0004760311325254878,0.0011042956788923873,106
lgbm,saabas,tok:game,text,0.00552589080397135,4.0956398667092095e-05,0.0005486544737187243,107
lgbm,saabas,tok:be,text,0.0055252605444460106,0.00038331044301638675,0.0014408283471210072,108
lgbm,saabas,tok:have,text,0.005519308466476049,0.0004443117854625985,0.001183809088578304,109
lgbm,saabas,tok:lot,text,0.0054928968108790156,0.00041501703447084344,0.0009753337338026172,110
lgbm,saabas,tok:said,text,0.005405753691728545,-0.00030532616282650876,0.0006144316516670394,111
lgbm,saabas,tok:good thing,text,0.005311160253783324,-0.00041224547458906384,0.0017959299471036522,112
lgbm,saabas,tok:haha,text,0.005287854683176348,0.00044286403491558204,0.0016414938898963135,113
lgbm,saabas,tok:say,text,0.005252485513243571,0.00034867386108378004,0.0005513526912987489,114
lgbm,saabas,tok:let,text,0.0052406071696143065,-2.9769753459263987e-05,0.0005722251582407716,115
lgbm,saabas,tok:bro,text,0.005235904970205737,-0.0004523778942903444,0.0015466260132735558,116
lgbm,saabas,tok:ever,text,0.005231749902521764,0.0002867544527456102,0.0006450406310355712,117
lgbm,saabas,tok:how dare,text,0.005119950861729871,0.000703113662269803,0.001992309686409355,118
lgbm,saabas,tok:fucking,text,0.005110111370858843,-0.0001189504560491299,0.0005912485132442763,119
lgbm,saabas,tok:any,text,0.005000397373680148,-0.00032085510913854753,0.0005371613637272861,120
lgbm,saabas,tok:up,text,0.004940564884487612,-9.933589203488618e-05,0.0005700727377124,121
lgbm,saabas,tok:our,text,0.004929494327823882,-0.00015460415028706412,0.0009461462151170886,122
lgbm,saabas,tok:must be,text,0.004816203802401906,0.00035013920331863777,0.0011376340992774114,123
lgbm,saabas,tok:from,text,0.004741969687295584,0.0004688439933374913,0.0007417747803756819,124
lgbm,saabas,tok:does,text,0.004740973908982887,-0.0001296639246762875,0.0005257695545072173,125
lgbm,saabas,tok:omg,text,0.004735658001252672,0.00014541382423031827,0.0015706605195103282,126
lgbm,saabas,tok:shit,text,0.004653202054119308,0.00026411840092106396,0.0005626883856593996,127
lgbm,saabas,tok:black,text,0.004639738779550337,0.00019840447155265888,0.0008023230010647055,128
lgbm,saabas,tok:many,text,0.004575636924830941,0.0006307517078439914,0.0006491902157866279,129
lgbm,saabas,n_allcaps_words,surface,0.00454705113622144,-0.00020273740922052453,0.0012712887018111983,130
lgbm,saabas,tok:wait,text,0.004522820728367247,-0.0005364226361899066,0.0010408925800429898,131
lgbm,saabas,tok:right now,text,0.004464254615740288,0.00014077390873963675,0.0009981742230932885,132
lgbm,saabas,tok:guess,text,0.0044517124233188704,0.0002608341287169353,0.0005717298713354726,133
lgbm,saabas,tok:who,text,0.004408497744550348,-0.00019546863825131274,0.0007766979453340282,134
lgbm,saabas,tok:confirmed,text,0.004407628434203178,-0.0007431546095719493,0.0012593904704164417,135
lgbm,saabas,tok:glad,text,0.0044026760103705225,-5.939547305419618e-05,0.0012035955390072184,136
lgbm,saabas,tok:probably,text,0.004378939411785058,8.779761149072627e-05,0.0006539142343195802,137
lgbm,saabas,tok:maybe,text,0.004350837168828404,-2.742283607811749e-05,0.000998398787102938,138
lgbm,saabas,tok:thought,text,0.004264050138215853,0.0003463340346636474,0.0006217702087194354,139
lgbm,saabas,tok:don,text,0.004232627097032229,0.00016481630922109947,0.0010164789731091357,140
lgbm,saabas,tok:not like,text,0.004221074247073319,-0.0003080998420901807,0.0015164521230971854,141
lgbm,saabas,tok:you know,text,0.0041792242135571585,-0.0004767073079812809,0.0009690674901012648,142
lgbm,saabas,tok:you mean,text,0.004149607971019547,-0.00015980201189556384,0.0013709338427600846,143
lgbm,saabas,tok:looks,text,0.004133499001122151,-0.00021663312717954918,0.0008421092946034922,144
lgbm,saabas,tok:god,text,0.003980679629219373,1.3021039342907068e-05,0.0006114436690576175,145
lgbm,saabas,tok:therefore,text,0.003976413741594184,0.0010075091006605588,0.0009834389691640742,146
lgbm,saabas,tok:him,text,0.003964062116824259,-3.0764251231445396e-05,0.0004827338325812126,147
lgbm,saabas,tok:yes because,text,0.003938798779843962,2.3266311834639088e-05,0.0013313976540349015,148
lgbm,saabas,tok:though,text,0.003931487945913164,0.00029572544305499297,0.0005819720065176113,149
lgbm,saabas,tok:did,text,0.0039104343426645555,0.00012929790911883913,0.0004750118905162601,150
lgbm,saabas,tok:his,text,0.0039046813094745446,7.281956751075133e-05,0.0003963372122105232,151
lgbm,saabas,tok:good,text,0.003903413909127309,3.091337851187378e-05,0.0006543077704961266,152
lgbm,saabas,tok:thanks,text,0.0038673768394809046,0.0002956655577331208,0.0015421489721152242,153
lgbm,saabas,tok:yay,text,0.0038380202262279935,0.0008787560370788974,0.0010862767487046857,154
lgbm,saabas,tok:yea,text,0.003807164923935494,0.0003255926008663983,0.0005810431416184841,155
lgbm,saabas,tok:enough,text,0.0038043401355699353,-5.5057487774850145e-05,0.0006127946165584977,156
lgbm,saabas,tok:both,text,0.0037950491872644136,0.0005458333513142454,0.0006084185660615341,157
lgbm,saabas,tok:get,text,0.0037816809576428404,-0.00014848372039251984,0.0006191280953378176,158
lgbm,saabas,tok:isn,text,0.0037686810296569126,-2.6939365434761188e-05,0.0007171455664061375,159
lgbm,saabas,tok:really,text,0.0036919345989837654,-0.00013066154836590156,0.0005203554350813287,160
lgbm,saabas,tok:amirite,text,0.0036881983488456617,0.0003380454704482696,0.0012608366486538455,161
lgbm,saabas,tok:then,text,0.0036647069534149397,4.329314576238209e-05,0.000498064267560739,162
lgbm,saabas,tok:been,text,0.0036490090534554253,7.044357054900893e-05,0.0004046734702730444,163
lgbm,saabas,tok:she,text,0.003640831913445035,0.00011246729907973328,0.00029791349437508803,164
lgbm,saabas,tok:til,text,0.003636776163500699,-0.00022862866348244532,0.000888212132375692,165
lgbm,saabas,tok:shitlord,text,0.003580944215896608,0.0004903895982819464,0.0013014703089918608,166
lgbm,saabas,tok:as well,text,0.0035666334986257263,0.0002216630288800919,0.001033356414563793,167
lgbm,saabas,tok:poor,text,0.0035040457430106416,0.00041742313214304254,0.0007703770474885678,168
lgbm,saabas,tok:now,text,0.003502300382542685,-0.00038746668682046855,0.0005332874457590301,169
lgbm,saabas,tok:rape,text,0.003498076074827015,1.5090535134980709e-05,0.0009155707334295546,170
lgbm,saabas,tok:obama,text,0.003482456690934277,0.0006803401707780377,0.0006271620372252016,171
lgbm,saabas,tok:need,text,0.0034802020147796896,-0.00026743858768859283,0.0006837938059605466,172
lgbm,saabas,tok:every,text,0.0034497283074443187,-0.00017522693206431544,0.00030409667249434077,173
lgbm,saabas,tok:needs,text,0.003447754887714716,-8.934932390698499e-05,0.0007727795261102294,174
lgbm,saabas,tok:dude,text,0.0034465880025295525,0.00011620870976683006,0.0004911499497699442,175
lgbm,saabas,tok:more,text,0.003441627773656699,-0.0001480379690042825,0.000527592318383744,176
lgbm,saabas,tok:but thought,text,0.0034387197766044928,0.0010144165563035594,0.0009655902926595242,177
lgbm,saabas,tok:guns,text,0.0034300526502316826,0.0007857075312117242,0.0006849939221024946,178
lgbm,saabas,tok:men,text,0.003413500777593429,-0.00023020502258661542,0.0008146403583551905,179
lgbm,saabas,tok:ya,text,0.003406010979058314,0.00016836565146959118,0.0006280053263444368,180
lgbm,saabas,tok:10,text,0.003373233244482397,-0.0001509609161750273,0.0005433055548422447,181
lgbm,saabas,tok:when,text,0.003363116820856712,-1.4634150538382797e-05,0.0007937608651796876,182
lgbm,saabas,tok:hope,text,0.0033533537575802966,-0.00026879170676898995,0.00039867105069565684,183
lgbm,saabas,tok:everyone knows,text,0.003348241813086613,0.00043703634268097487,0.0011185756115387102,184
lgbm,saabas,tok:job,text,0.00334716577160495,0.00034311214119439907,0.00048392672604487166,185
lgbm,saabas,tok:by,text,0.0033173625751185746,7.652642992061347e-05,0.0007639542399398646,186
lgbm,saabas,tok:put,text,0.0033158777866992297,-0.00023008192278501117,0.0005489452170526761,187
lgbm,saabas,tok:point,text,0.0032921485667926475,8.470772690826942e-05,0.000448749622385169,188
lgbm,saabas,tok:bit,text,0.003285224381835017,-0.00010399223354286082,0.0006524882481941144,189
lgbm,saabas,tok:same,text,0.0032697120211418545,-0.0002654149004247962,0.0005029252137694808,190
lgbm,saabas,tok:bet,text,0.003259121109684844,-0.00023554585302580815,0.0006911952825762998,191
lgbm,saabas,tok:something,text,0.0032480573690650176,-0.000277644042609716,0.0003090589376608827,192
lgbm,saabas,tok:agree,text,0.003215641396042792,-0.000160462624061178,0.0006338172286352482,193
lgbm,saabas,tok:stop,text,0.003215027225672647,-0.0002404815674859162,0.0005770560482369893,194
lgbm,saabas,tok:saying,text,0.0031874521637837707,-0.00035898916196583976,0.0003500637959078901,195
lgbm,saabas,tok:just like,text,0.0031215753740883806,8.259732631083038e-06,0.0005024249779600842,196
lgbm,saabas,tok:gay,text,0.0031172841063586087,0.000134747072761249,0.0006309230039750125,197
lgbm,saabas,tok:important,text,0.0031079804704169612,-9.407075637589878e-05,0.0006088888853490089,198
lgbm,saabas,tok:had,text,0.0031034075559648166,-0.00016701688047895624,0.00026685692656269424,199
lgbm,saabas,tok:not sure,text,0.0031008880658270196,-0.0008714635223995772,0.0008128715547163683,200
xgb,treeshap,n_exclam,surface,0.17450475692749023,0.00733772199600935,0.04896502826741098,1
xgb,treeshap,n_interjections,surface,0.1668187379837036,0.01749800145626068,0.04587888867108524,2
xgb,treeshap,n_words,surface,0.13101419806480408,-0.02044239640235901,0.0294122073550689,3
xgb,treeshap,avg_word_len,surface,0.1157984510064125,0.009144394658505917,0.026153922707146986,4
xgb,treeshap,n_chars,surface,0.10926729440689087,0.0006140656187199056,0.01970764650066058,5
xgb,treeshap,tok:because,text,0.09016787260770798,0.0021151797845959663,0.023538668640446386,6
xgb,treeshap,starts_with_interjection,surface,0.08374187350273132,-0.003937714267522097,0.01850998232914381,7
xgb,treeshap,tok:but,text,0.05257945507764816,0.010211621411144733,0.022822311625303744,8
xgb,treeshap,tok:so,text,0.04640001058578491,0.0010341719025745988,0.006922824528816439,9
xgb,treeshap,tok:all,text,0.03674335777759552,0.0004495265893638134,0.006737316550330283,10
xgb,treeshap,tok:no,text,0.03101690113544464,0.00036729310522787273,0.004221470460370615,11
xgb,treeshap,tok:we,text,0.028902240097522736,0.0004646584566216916,0.006135199715091695,12
xgb,treeshap,tok:yeah,text,0.028746087104082108,-0.0013901195488870144,0.005327781229049603,13
xgb,treeshap,tok:yes,text,0.027909502387046814,-0.0021802419796586037,0.008541223757446908,14
xgb,treeshap,tok:you,text,0.027057815343141556,-0.00097795354668051,0.008924926046110957,15
xgb,treeshap,tok:the,text,0.02652694471180439,0.004957383498549461,0.011723769583288884,16
xgb,treeshap,tok:obviously,text,0.025295961648225784,0.0019156186608597636,0.006975927978746404,17
xgb,treeshap,tok:sure,text,0.025270657613873482,0.0003163339279126376,0.0022332035976334826,18
xgb,treeshap,tok:should,text,0.024347150698304176,0.001267015584744513,0.0038255152730809114,19
xgb,treeshap,n_scare_quotes,surface,0.02387235499918461,-0.000895252509508282,0.002982700554690502,20
xgb,treeshap,n_sentences,surface,0.023649457842111588,0.00030562837491743267,0.001414336571318166,21
xgb,treeshap,tok:it,text,0.02324509806931019,0.0008856848580762744,0.008560684283905223,22
xgb,treeshap,tok:he,text,0.022196056321263313,3.310565807623789e-05,0.0029693702554877454,23
xgb,treeshap,tok:not,text,0.0215738657861948,-0.0006406149477697909,0.004409836967707014,24
xgb,treeshap,allcaps_ratio,surface,0.021230610087513924,-0.001074179308488965,0.004609093566691084,25
xgb,treeshap,tok:or,text,0.020740116015076637,0.0007769647054374218,0.0032487017244592783,26
xgb,treeshap,tok:only,text,0.02070891484618187,0.0008993793744593859,0.0023185571122399337,27
xgb,treeshap,tok:to,text,0.019838489592075348,3.345677396282554e-05,0.008111569320993925,28
xgb,treeshap,tok:totally,text,0.01970626413822174,0.0020380783826112747,0.004601137906197624,29
xgb,treeshap,tok:they,text,0.01889336295425892,0.00023530361067969352,0.0031771131441943536,30
xgb,treeshap,tok:just,text,0.0182493906468153,0.0017673885449767113,0.003493641550399682,31
xgb,treeshap,tok:lol,text,0.017281679436564445,0.0014194350223988295,0.005241642417529049,32
xgb,treeshap,tok:think,text,0.016862602904438972,0.0013448665849864483,0.003010047364875756,33
xgb,treeshap,tok:clearly,text,0.01653245836496353,0.000629571033641696,0.004290674815322743,34
xgb,treeshap,n_repeat_punct,surface,0.016436349600553513,-0.0005594536778517067,0.0014045542755141182,35
xgb,treeshap,tok:and,text,0.016156500205397606,-0.0008730440167710185,0.006957174271028183,36
xgb,treeshap,tok:in,text,0.016068464145064354,0.0008621166925877333,0.004883435403662574,37
xgb,treeshap,tok:this,text,0.015367355197668076,0.0010462505742907524,0.0033568298799227505,38
xgb,treeshap,tok:pretty,text,0.014997415244579315,-0.0009371666819788516,0.0029997510971355805,39
xgb,treeshap,tok:if,text,0.01490029413253069,0.0008020842797122896,0.0031554236315245662,40
xgb,treeshap,n_question,surface,0.013925877399742603,0.00010459574696142226,0.0057769731246128855,41
xgb,treeshap,tok:still,text,0.01378449983894825,-0.0010332398815080523,0.0024772128475892973,42
xgb,treeshap,tok:must,text,0.013550220988690853,0.0010179027449339628,0.0036707405152646205,43
xgb,treeshap,tok:what,text,0.013176901265978813,-0.0019814372062683105,0.0018696021967207065,44
xgb,treeshap,tok:man,text,0.012797961011528969,0.000519589229952544,0.0022073523375958186,45
xgb,treeshap,tok:is,text,0.012388668954372406,0.0007165108690969646,0.00589638565156544,46
xgb,treeshap,tok:that,text,0.01184142753481865,0.00022293877555057406,0.00644115262924407,47
xgb,treeshap,tok:my,text,0.011787820607423782,0.00034816469997167587,0.003976463318359725,48
xgb,treeshap,tok:was,text,0.011733056046068668,6.926526839379221e-05,0.002409042790322199,49
xgb,treeshap,tok:nah,text,0.011337383650243282,-0.0007163523696362972,0.004041766088818429,50
xgb,treeshap,n_ellipsis,surface,0.011311115697026253,-0.00017156766261905432,0.002330424488982325,51
xgb,treeshap,tok:one,text,0.010697094723582268,0.0006630243733525276,0.001455095421648908,52
xgb,treeshap,tok:also,text,0.01069212332367897,0.0005207244539633393,0.0020601144038038203,53
xgb,treeshap,tok:on,text,0.010401845909655094,0.0005637257709167898,0.0023735986467910614,54
xgb,treeshap,tok:some,text,0.010145792737603188,0.0004799508024007082,0.0013301288037073193,55
xgb,treeshap,tok:racist,text,0.00999858696013689,0.0011040241224691272,0.0033368301380018763,56
xgb,treeshap,tok:of course,text,0.009989006444811821,0.0013423950877040625,0.0022754298352659994,57
xgb,treeshap,tok:duh,text,0.009929298423230648,0.0025948546826839447,0.003324148271151548,58
xgb,treeshap,tok:why,text,0.009897221811115742,-0.000894188298843801,0.0020002388198033126,59
xgb,treeshap,tok:such,text,0.009838211350142956,0.00047370296670123935,0.001956287436139944,60
xgb,treeshap,tok:real,text,0.00973066408187151,0.00017211648810189217,0.0013124999784373459,61
xgb,treeshap,tok:would,text,0.009567433036863804,-2.7288595447316766e-05,0.0012461368081438315,62
xgb,treeshap,tok:right,text,0.009549252688884735,0.0012512578396126628,0.0011532002755769637,63
xgb,treeshap,tok:of,text,0.009547092020511627,0.0011075943475589156,0.0049613808877469355,64
xgb,treeshap,tok:can,text,0.009500850923359394,-0.00015944783808663487,0.0021655061266571372,65
xgb,treeshap,tok:everyone,text,0.009476271457970142,0.000837161613162607,0.001509914744477567,66
xgb,treeshap,tok:women,text,0.009403537958860397,0.0004721181758213788,0.0024670488078447177,67
xgb,treeshap,tok:hey,text,0.009382609277963638,3.635144094005227e-05,0.002102351975264531,68
xgb,treeshap,tok:people,text,0.008955560624599457,-0.00024544744519516826,0.0015047733078695938,69
xgb,treeshap,n_elongation,surface,0.008936990983784199,-0.0007673680083826184,0.0011149676668607803,70
xgb,treeshap,tok:guys,text,0.008936011232435703,0.00017782871145755053,0.0014208998023281334,71
xgb,treeshap,tok:better,text,0.00862305797636509,-0.00020844012033194304,0.0005845661017621177,72
xgb,treeshap,tok:those,text,0.008580121211707592,-0.0001853412832133472,0.0009144292290804447,73
xgb,treeshap,tok:ve,text,0.008435378782451153,0.0010378947481513023,0.0011529716241793846,74
xgb,treeshap,tok:as,text,0.008410900831222534,0.00015938279102556407,0.0013853619829897262,75
xgb,treeshap,tok:with,text,0.00840775016695261,0.0005827181739732623,0.0018908308003772743,76
xgb,treeshap,tok:me,text,0.008316375315189362,0.0001601674157427624,0.0019439849090847736,77
xgb,treeshap,tok:about,text,0.00808138307183981,6.604246300412342e-05,0.000907999514001095,78
xgb,treeshap,tok:most,text,0.007970684207975864,0.0002441694668959826,0.000970746420339733,79
xgb,treeshap,tok:but but,text,0.007817540317773819,0.002472654916346073,0.001839202121909876,80
xgb,treeshap,tok:than,text,0.007720867171883583,-5.3284067689673975e-05,0.0006540196292098434,81
xgb,treeshap,tok:know,text,0.007718103937804699,-0.0008782305521890521,0.001461585927261298,82
xgb,treeshap,tok:mean,text,0.007643546909093857,0.0002231868711533025,0.0007844520287291218,83
xgb,treeshap,tok:do,text,0.007500987034291029,0.001081738737411797,0.0010612598319561398,84
xgb,treeshap,tok:cause,text,0.0073683676309883595,0.000982111319899559,0.0014626061435234212,85
xgb,treeshap,tok:actually,text,0.007251653354614973,8.608189091319218e-05,0.0009549620897459869,86
xgb,treeshap,tok:white,text,0.00721481628715992,-4.255531894159503e-05,0.0022030472001288216,87
xgb,treeshap,tok:forgot,text,0.007139219436794519,-0.0007647371967323124,0.0029407884014786925,88
xgb,treeshap,tok:your,text,0.00709224259480834,-0.0003404954622965306,0.0013175913573041293,89
xgb,treeshap,tok:will,text,0.006829706020653248,0.0002085426531266421,0.0010085533235999658,90
xgb,treeshap,tok:how,text,0.00678877392783761,-0.0001637704554013908,0.0011891276523283698,91
xgb,treeshap,tok:wow,text,0.006481463089585304,-0.0003254824550822377,0.001168333855535242,92
xgb,treeshap,tok:well,text,0.0064530442468822,0.0011283071944490075,0.001212618385057644,93
xgb,treeshap,tok:us,text,0.00642795953899622,0.00013708074402529746,0.0006908446108092748,94
xgb,treeshap,tok:even,text,0.006416589953005314,-0.000230631441809237,0.0006889549525449417,95
xgb,treeshap,tok:fault,text,0.0063601103611290455,0.0008177150739356875,0.001809316019035173,96
xgb,treeshap,tok:which,text,0.006232141517102718,0.00045997247798368335,0.0009308812251896152,97
xgb,treeshap,tok:their,text,0.005961134098470211,-3.858436321024783e-05,0.0008792212069700138,98
xgb,treeshap,tok:never,text,0.005960571579635143,0.0005726556992158294,0.00091862205861352,99
xgb,treeshap,tok:game,text,0.005915993824601173,0.00018128284136764705,0.0004707435133233768,100
xgb,treeshap,tok:bro,text,0.005839676130563021,-0.00035421818029135466,0.001560235911310593,101
xgb,treeshap,n_allcaps_words,surface,0.005792127922177315,0.0014455786440521479,0.0019536123092368375,102
xgb,treeshap,tok:for,text,0.005787773989140987,-3.7338759284466505e-05,0.0029927402657742874,103
xgb,treeshap,tok:fucking,text,0.005722770933061838,2.9362547138589434e-05,0.0006892721709408694,104
xgb,treeshap,tok:don you,text,0.005721897352486849,0.0005274469149298966,0.0023746089030223473,105
xgb,treeshap,tok:our,text,0.005692454520612955,9.044448233908042e-05,0.0008037956965497705,106
xgb,treeshap,tok:said,text,0.0055341036058962345,-0.0004581546818371862,0.0005371450211493806,107
xgb,treeshap,tok:ever,text,0.005462195724248886,-4.96295906486921e-05,0.0006107604247584853,108
xgb,treeshap,tok:let,text,0.005423733498901129,-4.0464285120833665e-05,0.0005217926639620257,109
xgb,treeshap,tok:there,text,0.005372609011828899,0.00023235726985149086,0.0010427176031685375,110
xgb,treeshap,tok:wait,text,0.005341047886759043,-0.00014616100816056132,0.0008595558988431951,111
xgb,treeshap,tok:like,text,0.0053226538002491,0.00011464787530712783,0.0018876150842142513,112
xgb,treeshap,tok:how dare,text,0.005191287491470575,0.0006463347817771137,0.0021588330777209575,113
xgb,treeshap,tok:from,text,0.005169983021914959,0.0002997926203534007,0.0006434920483397101,114
xgb,treeshap,tok:lot,text,0.005143601447343826,0.0002546663745306432,0.0009461258251467929,115
xgb,treeshap,tok:good thing,text,0.005096834152936935,-0.00027552200481295586,0.0017346700527526013,116
xgb,treeshap,tok:does,text,0.005088435485959053,-8.26565083116293e-05,0.0005045930645037301,117
xgb,treeshap,tok:haha,text,0.004977546166628599,0.0008843711111694574,0.0015663391777930237,118
xgb,treeshap,tok:omg,text,0.004970207344740629,0.0005508973845280707,0.0015438123356342423,119
xgb,treeshap,tok:you mean,text,0.004969199653714895,-4.263874143362045e-05,0.0013270577655784385,120
xgb,treeshap,tok:at,text,0.004886020440608263,-4.35993897553999e-05,0.0009249330260838377,121
xgb,treeshap,tok:good,text,0.004878577310591936,0.00014236288552638143,0.0006842304634347694,122
xgb,treeshap,tok:guess,text,0.0048621641471982,0.0002644695632625371,0.0004452977381618173,123
xgb,treeshap,tok:say,text,0.004848540760576725,0.0004404716892167926,0.0004880655095399334,124
xgb,treeshap,tok:who,text,0.004811377264559269,0.00014108831237535924,0.0006949857082856315,125
xgb,treeshap,tok:you know,text,0.004805999342352152,-0.00036012131022289395,0.0011309166814126778,126
xgb,treeshap,tok:many,text,0.004802460316568613,0.0008961621206253767,0.0005296616893596696,127
xgb,treeshap,tok:glad,text,0.00479647982865572,-0.0002559680142439902,0.0009906224346361572,128
xgb,treeshap,tok:any,text,0.004781016148626804,-0.00023429188877344131,0.0003750565096546135,129
xgb,treeshap,tok:yea,text,0.004732627421617508,0.00039324467070400715,0.000559339962452983,130
xgb,treeshap,tok:black,text,0.004689550958573818,0.0003041106974706054,0.0007384356559137535,131
xgb,treeshap,tok:are,text,0.004545867908746004,0.0006711605819873512,0.00164273931157561,132
xgb,treeshap,tok:same,text,0.0044965301640331745,-0.00016957421030383557,0.0003915997774256789,133
xgb,treeshap,tok:maybe,text,0.004455983638763428,-0.00021875857783015817,0.0006307539416600867,134
xgb,treeshap,tok:looks,text,0.004410282708704472,0.00016897711611818522,0.0008397642872218818,135
xgb,treeshap,tok:shit,text,0.004370752722024918,0.000548466166947037,0.0005109564509294448,136
xgb,treeshap,tok:god,text,0.004325034096837044,-4.894622907158919e-05,0.0005001863518946618,137
xgb,treeshap,tok:yeah because,text,0.004279543645679951,0.0015346657019108534,0.0007860959489912503,138
xgb,treeshap,tok:probably,text,0.0042756590992212296,0.0001536810741527006,0.0006847637543962277,139
xgb,treeshap,tok:she,text,0.004230061545968056,0.00034742537536658347,0.000363365880528413,140
xgb,treeshap,tok:not like,text,0.004203776363283396,-0.0006479129078797996,0.0015724463939428552,141
xgb,treeshap,tok:right now,text,0.004159878473728895,3.297559669590555e-05,0.0009493843007525474,142
xgb,treeshap,tok:up,text,0.004087185952812433,-0.00015687958511989564,0.0006064699697507397,143
xgb,treeshap,tok:confirmed,text,0.004082663916051388,-0.0007762593450024724,0.0011764143598635042,144
xgb,treeshap,tok:men,text,0.004056318663060665,0.00010740134894149378,0.0009175418245793698,145
xgb,treeshap,tok:amirite,text,0.00398655328899622,0.0007867900421842933,0.0013217497560409487,146
xgb,treeshap,tok:really,text,0.003964923322200775,-0.00013525845133699477,0.0005670334423071232,147
xgb,treeshap,tok:put,text,0.003911517560482025,-0.0004623396380338818,0.0004218896908609579,148
xgb,treeshap,tok:need,text,0.003899242030456662,-0.00047452555736526847,0.0005421224177667136,149
xgb,treeshap,tok:dude,text,0.003885481972247362,0.00013592703908216208,0.0004757733718272741,150
xgb,treeshap,tok:him,text,0.0038773170672357082,0.0002554289239924401,0.00043238936647228046,151
xgb,treeshap,tok:needs,text,0.003873176174238324,-4.194614666630514e-05,0.0006198543622244214,152
xgb,treeshap,tok:rape,text,0.0038572726771235466,0.0004472877481020987,0.0009057775685010762,153
xgb,treeshap,tok:therefore,text,0.003843988524749875,0.001017090049572289,0.0009462482648362212,154
xgb,treeshap,tok:ya,text,0.003819475183263421,0.00022655550856143236,0.0005744964247234861,155
xgb,treeshap,tok:yay,text,0.0038177238311618567,0.0009267067653127015,0.0010308636209503752,156
xgb,treeshap,tok:poor,text,0.0037715339567512274,0.0004108412249479443,0.0007297247503233712,157
xgb,treeshap,tok:get,text,0.0037607590202242136,-4.897632243228145e-05,0.0008216539459783361,158
xgb,treeshap,tok:did,text,0.0037336302921175957,0.00019822455942630768,0.0003683336176330807,159
xgb,treeshap,tok:both,text,0.0037297322414815426,0.0004988632281310856,0.0005997218771339423,160
xgb,treeshap,tok:thought,text,0.003693076316267252,0.0004773068067152053,0.0003371679942451511,161
xgb,treeshap,tok:though,text,0.0036452659405767918,6.654929893556982e-05,0.0004579826101938632,162
xgb,treeshap,tok:then,text,0.0036157635040581226,-0.0001778376754373312,0.0005466444864225889,163
xgb,treeshap,tok:in the,text,0.0036057308316230774,2.674538154678885e-05,0.0005204011360330492,164
xgb,treeshap,tok:have,text,0.0035966408904641867,0.001236395793966949,0.0018365704413481796,165
xgb,treeshap,tok:every,text,0.003577511291950941,-7.810961687937379e-05,0.00025086057056462814,166
xgb,treeshap,tok:something,text,0.003525598905980587,-0.0002396606869297102,0.000339132460068681,167
xgb,treeshap,tok:be,text,0.0035237667616456747,3.4782908187480643e-05,0.0020534152527178604,168
xgb,treeshap,tok:must be,text,0.003495669923722744,-8.007723954506218e-05,0.0005909389330446608,169
xgb,treeshap,tok:stop,text,0.0034918917808681726,-0.0002769873244687915,0.0005140779761111893,170
xgb,treeshap,tok:guns,text,0.003482263535261154,0.0008888552547432482,0.0006433095908782549,171
xgb,treeshap,tok:job,text,0.003466094611212611,0.00026650962536223233,0.0004267425441616599,172
xgb,treeshap,tok:bet,text,0.0034445845521986485,-0.00014792273577768356,0.0006014493414478337,173
xgb,treeshap,tok:hope,text,0.003417568514123559,-0.0004593222984112799,0.00042892439195132596,174
xgb,treeshap,tok:his,text,0.003393917577341199,7.8051038144622e-05,0.000522858043812255,175
xgb,treeshap,tok:all the,text,0.0033721821382641792,-0.00010602580005070195,0.00023763631134535298,176
xgb,treeshap,tok:as well,text,0.003365015145391226,0.0007168970187194645,0.0010430923063976154,177
xgb,treeshap,tok:been,text,0.0033426189329475164,0.0001729356445139274,0.00036756150058736927,178
xgb,treeshap,tok:racism,text,0.003337266854941845,0.0011305236257612705,0.0006007908202710659,179
xgb,treeshap,tok:point,text,0.0033223468344658613,6.486933125415817e-05,0.0004247604121627444,180
xgb,treeshap,tok:important,text,0.003305258462205529,8.514464570907876e-05,0.0005719316309206008,181
xgb,treeshap,tok:gay,text,0.0032881281804293394,0.00014754488074686378,0.0006273754305102783,182
xgb,treeshap,tok:enough,text,0.003284056903794408,-3.634441236499697e-05,0.0004410467368969134,183
xgb,treeshap,tok:either,text,0.003281004261225462,-0.00032522776746191084,0.00045080477659137944,184
xgb,treeshap,tok:10,text,0.003232938703149557,5.364220851333812e-05,0.00035802535063161656,185
xgb,treeshap,tok:obama,text,0.003226239699870348,0.0005849197041243315,0.000612119325000237,186
xgb,treeshap,tok:bit,text,0.0032209723722189665,-6.949696398805827e-05,0.0006372937322526531,187
xgb,treeshap,tok:isn,text,0.003191955154761672,-0.00010853815183509141,0.00046959742287843315,188
xgb,treeshap,tok:saying,text,0.0031359600834548473,-0.00014094971993472427,0.000357191799085354,189
xgb,treeshap,tok:at all,text,0.0031342857982963324,-0.00016863030032254755,0.00038866337143776854,190
xgb,treeshap,tok:but thought,text,0.003111230907961726,0.0009896790143102407,0.0009171405040265029,191
xgb,treeshap,tok:just like,text,0.0030833554919809103,2.489437065378297e-05,0.00048265738452006374,192
xgb,treeshap,tok:thanks for,text,0.003077967092394829,-0.0001901045034173876,0.00032757899602232747,193
xgb,treeshap,tok:new,text,0.003074145410209894,-6.535701686516404e-05,0.00020965268168845257,194
xgb,treeshap,tok:shitlord,text,0.0030695765744894743,0.00023188152408692986,0.0012689050093257427,195
xgb,treeshap,tok:america,text,0.003065513912588358,0.0002784447278827429,0.0004062159509544373,196
xgb,treeshap,tok:woman,text,0.0030422371346503496,-0.0005283900536596775,0.000637564627918955,197
xgb,treeshap,tok:money,text,0.003023554338142276,-0.00017257881700061262,0.0003852484975891713,198
xgb,treeshap,tok:agree,text,0.0030134350527077913,-0.0001266821491299197,0.0005356738129737073,199
xgb,treeshap,tok:the same,text,0.002979203127324581,0.00012525504280347377,0.0003098260138162297,200
