model,attribution,token,n_present,mean_attr_when_present,mean_abs_attr,rank
lgbm,saabas,tok:because,514,0.9362258178256739,0.09348344008316793,1
lgbm,saabas,tok:but,868,0.18678279468044376,0.07261428733252744,2
lgbm,saabas,tok:so,657,0.30655069340601354,0.04010276587222982,3
lgbm,saabas,tok:all,513,0.3595986674784959,0.03686663028508696,4
lgbm,saabas,tok:you,1645,0.0667810921777083,0.030943570568149927,5
lgbm,saabas,tok:no,418,0.35060973373709897,0.0293161616684249,6
lgbm,saabas,tok:we,456,0.3124374794389028,0.028569161283645332,7
lgbm,saabas,tok:it,1629,-0.06800727018414504,0.02806976637313134,8
lgbm,saabas,tok:yeah,424,0.33600383323241745,0.02768072199232854,9
lgbm,saabas,tok:the,3199,-0.024250818970924546,0.027253566562064655,10
lgbm,saabas,tok:obviously,118,1.353540071566832,0.0271340644420528,11
lgbm,saabas,tok:yes,138,0.8590938473061377,0.025465471900486352,12
lgbm,saabas,tok:and,1614,0.016049273279551038,0.021749491213677835,13
lgbm,saabas,tok:or,338,-0.303675454278526,0.020841203113196725,14
lgbm,saabas,tok:lol,98,-1.1330499670069094,0.02052167771182548,15
lgbm,saabas,tok:should,248,0.41605866108752526,0.020389823264802962,16
lgbm,saabas,tok:to,2112,0.034642621280339986,0.020074127755608545,17
lgbm,saabas,tok:totally,102,1.1189948705091406,0.020068882415588647,18
lgbm,saabas,tok:not,684,-0.1475617594556185,0.019794902237841056,19
lgbm,saabas,tok:he,625,0.14242698628619216,0.018891310159318907,20
lgbm,saabas,tok:sure,239,0.4300191966829487,0.018797930146754075,21
lgbm,saabas,tok:think,245,-0.3572864289831858,0.018120747499115686,22
lgbm,saabas,tok:just,676,0.11203221043787201,0.017762049396454642,23
lgbm,saabas,tok:clearly,78,1.2610021220189243,0.017723065454249655,24
lgbm,saabas,tok:only,290,0.295491557293664,0.017156286910049168,25
lgbm,saabas,tok:they,737,0.10648702248393124,0.016472880555952578,26
lgbm,saabas,tok:in,1189,-0.05820643150220435,0.01640489186804289,27
lgbm,saabas,tok:this,726,-0.09553433580110184,0.016065608148656072,28
lgbm,saabas,tok:is,1527,0.010825383886930898,0.015935431006724995,29
lgbm,saabas,tok:pretty,133,-0.6148995922072742,0.014997561324337261,30
lgbm,saabas,tok:if,565,-0.12326462125343816,0.014914919078531036,31
lgbm,saabas,tok:still,153,-0.504152925946062,0.014306767043720177,32
lgbm,saabas,tok:was,579,-0.11568061656514515,0.01388583330255034,33
lgbm,saabas,tok:that,1574,0.00031217006662949013,0.01357312338719345,34
lgbm,saabas,tok:my,395,-0.14543834234838515,0.012618023568069596,35
lgbm,saabas,tok:what,415,0.12596572259014951,0.012266108472714428,36
lgbm,saabas,tok:man,161,0.3555900832183421,0.011183397208953949,37
lgbm,saabas,tok:on,687,-0.06866579365889905,0.01107416368360082,38
lgbm,saabas,tok:one,302,-0.16297904639899896,0.01046982172476,39
lgbm,saabas,tok:nah,46,1.0420193852654642,0.010454049327012768,40
lgbm,saabas,tok:must,87,0.594063916232073,0.010348580370523292,41
lgbm,saabas,tok:also,103,-0.4724325554939833,0.01031218871856595,42
lgbm,saabas,tok:racist,43,1.3347329351499866,0.01027811999167601,43
lgbm,saabas,tok:of,1422,0.014749937105714624,0.010227620048907364,44
lgbm,saabas,tok:some,174,-0.28002786793779905,0.009994950115326338,45
lgbm,saabas,tok:why,198,0.21399578836639885,0.009948186525816112,46
lgbm,saabas,tok:with,620,-0.07020342654837446,0.009744194053380725,47
lgbm,saabas,tok:would,347,-0.12907863706105502,0.009595499966519228,48
lgbm,saabas,tok:such,72,0.6939121422633626,0.009545773335719139,49
lgbm,saabas,tok:duh,27,2.0686200910873724,0.00915734753631588,50
lgbm,saabas,tok:me,275,-0.14578675710232544,0.008908210282043087,51
lgbm,saabas,tok:of course,50,0.9753245910072116,0.00888156161652208,52
lgbm,saabas,tok:people,357,0.11028189133785996,0.00886895271461173,53
lgbm,saabas,tok:real,88,0.5054231677881708,0.008748086881556852,54
lgbm,saabas,tok:but but,35,1.6679086776461691,0.00870532278528268,55
lgbm,saabas,tok:know,259,0.14768040646101016,0.00856386848088695,56
lgbm,saabas,tok:women,64,0.6230275743476149,0.008445544654097241,57
lgbm,saabas,tok:guys,83,0.5142245642890892,0.00828212355076852,58
lgbm,saabas,tok:can,507,0.05100157564262312,0.008280792501908172,59
lgbm,saabas,tok:for,987,-0.017620300974633813,0.00824643311326077,60
lgbm,saabas,tok:those,163,0.2461486490408533,0.008216102962635679,61
lgbm,saabas,tok:ve,117,-0.31446855435941484,0.008120660148613143,62
lgbm,saabas,tok:right,225,0.1675523138950995,0.008052630820639861,63
lgbm,saabas,tok:hey,49,0.7767436788187054,0.008043605292661607,64
lgbm,saabas,tok:better,143,0.26730609732973337,0.008020326313139934,65
lgbm,saabas,tok:everyone,111,0.3659760287966668,0.007969075942307429,66
lgbm,saabas,tok:do,276,-0.12271858921350512,0.007929014294144537,67
lgbm,saabas,tok:well,316,-0.1157931310462916,0.007905280039314058,68
lgbm,saabas,tok:will,255,0.1434452664816926,0.0077343268823813205,69
lgbm,saabas,tok:as,372,-0.09698751159372518,0.007676545636132778,70
lgbm,saabas,tok:about,352,-0.10470133930223473,0.007494803368294871,71
lgbm,saabas,tok:actually,115,-0.3258010968845409,0.007364805645636363,72
lgbm,saabas,tok:most,96,-0.37850400301872367,0.007072997889300424,73
lgbm,saabas,tok:mean,123,0.28188173884305606,0.007046707685410982,74
lgbm,saabas,tok:like,601,-0.03821625885229633,0.006982197134055849,75
lgbm,saabas,tok:forgot,28,1.0569375620324937,0.0068127532738304014,76
lgbm,saabas,tok:than,203,-0.16563213227376608,0.006751667403180676,77
lgbm,saabas,tok:your,416,0.06048385305044809,0.006683258325646294,78
lgbm,saabas,tok:how,322,0.08780158343297156,0.00663800353048999,79
lgbm,saabas,tok:cause,56,0.6460928358668694,0.006567751770925295,80
lgbm,saabas,tok:are,670,0.00520019569344415,0.0065610954165363925,81
lgbm,saabas,tok:which,80,-0.38071508377602986,0.006502825654619337,82
lgbm,saabas,tok:never,152,0.2002354794830267,0.006294695928199057,83
lgbm,saabas,tok:us,141,0.23544344366611492,0.0061913200672474205,84
lgbm,saabas,tok:white,70,0.39302326054570297,0.006002944730973238,85
lgbm,saabas,tok:wow,68,0.45048784946320425,0.005974131736336139,86
lgbm,saabas,tok:don you,26,1.1679378637661322,0.005960830889908824,87
lgbm,saabas,tok:fault,27,1.141936526795732,0.005916716716838431,88
lgbm,saabas,tok:at,373,-0.0687055381215157,0.005758647653282301,89
lgbm,saabas,tok:even,159,-0.1797998057585181,0.00571733914082064,90
lgbm,saabas,tok:their,237,0.10713031130840944,0.0056916721092501515,91
lgbm,saabas,tok:yeah because,42,0.9880287905124441,0.005672458414538053,92
lgbm,saabas,tok:there,272,-0.07165738085464081,0.005538338874888754,93
lgbm,saabas,tok:game,179,0.15314455773816768,0.00552589080397135,94
lgbm,saabas,tok:be,747,-0.011640565071367917,0.0055252605444460106,95
lgbm,saabas,tok:have,671,-0.018703781929102315,0.005519308466476049,96
lgbm,saabas,tok:lot,59,-0.43032879461088,0.0054928968108790156,97
lgbm,saabas,tok:said,95,-0.300476534358158,0.005405753691728545,98
lgbm,saabas,tok:good thing,17,1.4408287839942542,0.005311160253783324,99
lgbm,saabas,tok:haha,24,-1.0076449677512835,0.005287854683176348,100
lgbm,saabas,tok:say,104,-0.2335358106013557,0.005252485513243571,101
lgbm,saabas,tok:let,88,0.2959380653016304,0.0052406071696143065,102
lgbm,saabas,tok:bro,27,0.8834331216701551,0.005235904970205737,103
lgbm,saabas,tok:ever,97,0.28260106562348947,0.005231749902521764,104
lgbm,saabas,tok:how dare,16,1.8193875441123735,0.005119950861729871,105
lgbm,saabas,tok:fucking,75,-0.34271771925294814,0.005110111370858843,106
lgbm,saabas,tok:any,144,-0.18209721467946927,0.005000397373680148,107
lgbm,saabas,tok:up,289,-0.08459652279981436,0.004940564884487612,108
lgbm,saabas,tok:our,104,0.22661587895912244,0.004929494327823882,109
lgbm,saabas,tok:must be,52,0.49620141935617795,0.004816203802401906,110
lgbm,saabas,tok:from,271,-0.07050529898610362,0.004741969687295584,111
lgbm,saabas,tok:does,111,-0.21755426591975763,0.004740973908982887,112
lgbm,saabas,tok:omg,19,1.2844925856534108,0.004735658001252672,113
lgbm,saabas,tok:shit,104,-0.20958576371775492,0.004653202054119308,114
lgbm,saabas,tok:black,63,0.38393230249177857,0.004639738779550337,115
lgbm,saabas,tok:many,53,-0.3708859696548959,0.004575636924830941,116
lgbm,saabas,tok:wait,62,0.32134563098834723,0.004522820728367247,117
lgbm,saabas,tok:right now,22,-0.9818312692068948,0.004464254615740288,118
lgbm,saabas,tok:guess,82,0.2860750861463178,0.0044517124233188704,119
lgbm,saabas,tok:who,232,0.0820894728898379,0.004408497744550348,120
lgbm,saabas,tok:confirmed,16,1.1451480701972443,0.004407628434203178,121
lgbm,saabas,tok:glad,28,0.7745519154090752,0.0044026760103705225,122
lgbm,saabas,tok:probably,107,-0.1944189852936333,0.004378939411785058,123
lgbm,saabas,tok:maybe,99,0.2087657082703412,0.004350837168828404,124
lgbm,saabas,tok:thought,114,0.19048802736974013,0.004264050138215853,125
lgbm,saabas,tok:don,453,0.015901547742098267,0.004232627097032229,126
lgbm,saabas,tok:not like,17,1.1508748249950362,0.004221074247073319,127
lgbm,saabas,tok:you know,57,0.32240524585963687,0.0041792242135571585,128
lgbm,saabas,tok:you mean,47,0.41926232382811474,0.004149607971019547,129
lgbm,saabas,tok:looks,77,-0.26912111500661084,0.004133499001122151,130
lgbm,saabas,tok:god,73,0.2648475113719632,0.003980679629219373,131
lgbm,saabas,tok:therefore,17,1.4658596594866866,0.003976413741594184,132
lgbm,saabas,tok:him,192,0.09332295315148463,0.003964062116824259,133
lgbm,saabas,tok:yes because,20,0.990104356967622,0.003938798779843962,134
lgbm,saabas,tok:though,86,-0.2105031582265165,0.003931487945913164,135
lgbm,saabas,tok:did,145,-0.12896785084235157,0.0039104343426645555,136
lgbm,saabas,tok:his,249,0.07340397550799672,0.0039046813094745446,137
lgbm,saabas,tok:good,249,0.05990483521753498,0.003903413909127309,138
lgbm,saabas,tok:thanks,60,-0.24367528594427854,0.0038673768394809046,139
lgbm,saabas,tok:yay,14,1.6845629511810247,0.0038380202262279935,140
lgbm,saabas,tok:yea,50,0.4132228900409565,0.003807164923935494,141
lgbm,saabas,tok:enough,68,0.27131311382522594,0.0038043401355699353,142
lgbm,saabas,tok:both,34,-0.47506877232826394,0.0037950491872644136,143
lgbm,saabas,tok:get,321,0.03422263500360041,0.0037816809576428404,144
lgbm,saabas,tok:isn,121,0.11170844420439148,0.0037686810296569126,145
lgbm,saabas,tok:really,195,0.056487962214577116,0.0036919345989837654,146
lgbm,saabas,tok:amirite,14,1.4379442211764049,0.0036881983488456617,147
lgbm,saabas,tok:then,221,-0.06175800957811967,0.0036647069534149397,148
lgbm,saabas,tok:been,137,-0.12688678365506315,0.0036490090534554253,149
lgbm,saabas,tok:she,173,0.10713418145536749,0.003640831913445035,150
lgbm,saabas,tok:til,24,0.7100307291704692,0.003636776163500699,151
lgbm,saabas,tok:shitlord,10,2.0356669070892535,0.003580944215896608,152
lgbm,saabas,tok:as well,35,-0.47761193449007566,0.0035666334986257263,153
lgbm,saabas,tok:poor,39,0.5022240200033462,0.0035040457430106416,154
lgbm,saabas,tok:now,207,0.06078618041548531,0.003502300382542685,155
lgbm,saabas,tok:rape,23,0.763731871730862,0.003498076074827015,156
lgbm,saabas,tok:obama,30,0.6923153372862736,0.003482456690934277,157
lgbm,saabas,tok:need,129,0.11164541664133333,0.0034802020147796896,158
lgbm,saabas,tok:every,92,0.17672771801827283,0.0034497283074443187,159
lgbm,saabas,tok:needs,47,0.35703184329566795,0.003447754887714716,160
lgbm,saabas,tok:dude,54,0.32981455633660217,0.0034465880025295525,161
lgbm,saabas,tok:more,273,0.0023366172923637565,0.003441627773656699,162
lgbm,saabas,tok:but thought,12,1.8554734720450368,0.0034387197766044928,163
lgbm,saabas,tok:guns,33,0.638751542642952,0.0034300526502316826,164
lgbm,saabas,tok:men,44,0.36173671225304294,0.003413500777593429,165
lgbm,saabas,tok:ya,32,0.557989731790247,0.003406010979058314,166
lgbm,saabas,tok:10,62,0.2574958575625304,0.003373233244482397,167
lgbm,saabas,tok:when,267,-0.027653542105570212,0.003363116820856712,168
lgbm,saabas,tok:hope,55,-0.3292819837537849,0.0033533537575802966,169
lgbm,saabas,tok:everyone knows,14,1.3518850556313242,0.003348241813086613,170
lgbm,saabas,tok:job,52,0.3548183306845517,0.00334716577160495,171
lgbm,saabas,tok:by,226,0.02287154550605176,0.0033173625751185746,172
lgbm,saabas,tok:put,72,0.21172289727235208,0.0033158777866992297,173
lgbm,saabas,tok:point,59,-0.26715634585933035,0.0032921485667926475,174
lgbm,saabas,tok:bit,36,-0.4707245299135907,0.003285224381835017,175
lgbm,saabas,tok:same,125,-0.13252807654589402,0.0032697120211418545,176
lgbm,saabas,tok:bet,31,0.4876564340643561,0.003259121109684844,177
lgbm,saabas,tok:something,129,-0.12898737910858168,0.0032480573690650176,178
lgbm,saabas,tok:agree,35,-0.4823005743005719,0.003215641396042792,179
lgbm,saabas,tok:stop,52,0.28446737433091845,0.003215027225672647,180
lgbm,saabas,tok:saying,62,-0.2846271223403736,0.0031874521637837707,181
lgbm,saabas,tok:just like,27,0.5795990938369415,0.0031215753740883806,182
lgbm,saabas,tok:gay,27,0.5996978679959395,0.0031172841063586087,183
lgbm,saabas,tok:important,26,0.5795980219309679,0.0031079804704169612,184
lgbm,saabas,tok:had,166,-0.0963497860844552,0.0031034075559648166,185
lgbm,saabas,tok:not sure,33,-0.5999868161887557,0.0031008880658270196,186
lgbm,saabas,tok:in the,314,0.04374504727391487,0.0030620432525514506,187
lgbm,saabas,tok:either,41,-0.40251057122332595,0.0030420118108142637,188
lgbm,saabas,tok:racism,21,0.9013699832786057,0.0030203908690950828,189
lgbm,saabas,tok:guy,82,0.17036925512258994,0.0030059307379162563,190
lgbm,saabas,tok:at all,39,0.3364623420824261,0.0029919561895667838,191
lgbm,saabas,tok:unfortunately,15,-1.3502845119213425,0.0029686868017580236,192
lgbm,saabas,tok:thing,120,-0.11115441537312327,0.002935316901151603,193
lgbm,saabas,tok:america,40,0.38848392018627553,0.002935253250689047,194
lgbm,saabas,tok:out,306,-0.03292682171534036,0.0029342913658618845,195
lgbm,saabas,tok:thanks for,29,0.4790586904153612,0.002901852532614468,196
lgbm,saabas,tok:one of,63,-0.24272969537029948,0.002884686759008582,197
lgbm,saabas,tok:typical,13,1.3634392745387993,0.002845464920644931,198
lgbm,saabas,tok:should have,37,0.3672972856031029,0.002806294700622503,199
lgbm,saabas,tok:patriarchy,11,1.7478524368294124,0.0028008940079360133,200
xgb,treeshap,tok:because,514,0.8976971221805082,0.09016787260770798,1
xgb,treeshap,tok:but,868,0.24537138345604118,0.05257945507764816,2
xgb,treeshap,tok:so,657,0.3609867647539717,0.04640001058578491,3
xgb,treeshap,tok:all,513,0.3624942772104959,0.03674335777759552,4
xgb,treeshap,tok:no,418,0.3752472069845245,0.03101690113544464,5
xgb,treeshap,tok:we,456,0.3218270352012233,0.028902240097522736,6
xgb,treeshap,tok:yeah,424,0.32161727041568394,0.028746087104082108,7
xgb,treeshap,tok:yes,138,0.9286767710810122,0.027909502387046814,8
xgb,treeshap,tok:you,1645,0.06575338717289608,0.027057815343141556,9
xgb,treeshap,tok:the,3199,-0.006559962814917748,0.02652694471180439,10
xgb,treeshap,tok:obviously,118,1.1530309127548994,0.025295961648225784,11
xgb,treeshap,tok:sure,239,0.5349655470588716,0.025270657613873482,12
xgb,treeshap,tok:should,248,0.5163751417590726,0.024347150698304176,13
xgb,treeshap,tok:it,1629,-0.06252591371389896,0.02324509806931019,14
xgb,treeshap,tok:he,625,0.17691104736328125,0.022196056321263313,15
xgb,treeshap,tok:not,684,-0.15924528467724894,0.0215738657861948,16
xgb,treeshap,tok:or,338,-0.289637006951507,0.020740116015076637,17
xgb,treeshap,tok:only,290,0.3725163426892511,0.02070891484618187,18
xgb,treeshap,tok:to,2112,0.03482048800497344,0.019838489592075348,19
xgb,treeshap,tok:totally,102,1.0659030091528798,0.01970626413822174,20
xgb,treeshap,tok:they,737,0.12770321767074605,0.01889336295425892,21
xgb,treeshap,tok:just,676,0.1452757592737322,0.0182493906468153,22
xgb,treeshap,tok:lol,98,-0.8092994689941406,0.017281679436564445,23
xgb,treeshap,tok:think,245,-0.31638983901666135,0.016862602904438972,24
xgb,treeshap,tok:clearly,78,1.1001298366448817,0.01653245836496353,25
xgb,treeshap,tok:and,1614,0.012082966139177703,0.016156500205397606,26
xgb,treeshap,tok:in,1189,-0.05856984156936633,0.016068464145064354,27
xgb,treeshap,tok:this,726,-0.09533242680152915,0.015367355197668076,28
xgb,treeshap,tok:pretty,133,-0.5990446850769502,0.014997415244579315,29
xgb,treeshap,tok:if,565,-0.11949826130824806,0.01490029413253069,30
xgb,treeshap,tok:still,153,-0.48420770183887357,0.01378449983894825,31
xgb,treeshap,tok:must,87,0.8372488789174749,0.013550220988690853,32
xgb,treeshap,tok:what,415,0.12996572471526732,0.013176901265978813,33
xgb,treeshap,tok:man,161,0.41290809204859763,0.012797961011528969,34
xgb,treeshap,tok:is,1527,0.017519630477095868,0.012388668954372406,35
xgb,treeshap,tok:that,1574,0.0016641500187041345,0.01184142753481865,36
xgb,treeshap,tok:my,395,-0.14053098461295985,0.011787820607423782,37
xgb,treeshap,tok:was,579,-0.09725944901171538,0.011733056046068668,38
xgb,treeshap,tok:nah,46,1.1544579215671704,0.011337383650243282,39
xgb,treeshap,tok:one,302,-0.1655294910961429,0.010697094723582268,40
xgb,treeshap,tok:also,103,-0.4937564516530454,0.01069212332367897,41
xgb,treeshap,tok:on,687,-0.0660438204436323,0.010401845909655094,42
xgb,treeshap,tok:some,174,-0.27774538939026583,0.010145792737603188,43
xgb,treeshap,tok:racist,43,1.2857320918593296,0.00999858696013689,44
xgb,treeshap,tok:of course,50,1.1331414794921875,0.009989006444811821,45
xgb,treeshap,tok:duh,27,2.319287476716218,0.009929298423230648,46
xgb,treeshap,tok:why,198,0.22362560696072048,0.009897221811115742,47
xgb,treeshap,tok:such,72,0.7161045074462891,0.009838211350142956,48
xgb,treeshap,tok:real,88,0.5596583539789374,0.00973066408187151,49
xgb,treeshap,tok:would,347,-0.13374418758865048,0.009567433036863804,50
xgb,treeshap,tok:right,225,0.23335674709743923,0.009549252688884735,51
xgb,treeshap,tok:of,1422,0.014515534734927149,0.009547092020511627,52
xgb,treeshap,tok:can,507,0.08454162176309017,0.009500850923359394,53
xgb,treeshap,tok:everyone,111,0.46453723391971075,0.009476271457970142,54
xgb,treeshap,tok:women,64,0.7711861729621887,0.009403537958860397,55
xgb,treeshap,tok:hey,49,0.9607279252032844,0.009382609277963638,56
xgb,treeshap,tok:people,357,0.11543344449596245,0.008955560624599457,57
xgb,treeshap,tok:guys,83,0.549025432173028,0.008936011232435703,58
xgb,treeshap,tok:better,143,0.29381571949778734,0.00862305797636509,59
xgb,treeshap,tok:those,163,0.25745436311499476,0.008580121211707592,60
xgb,treeshap,tok:ve,117,-0.31589247222639555,0.008435378782451153,61
xgb,treeshap,tok:as,372,-0.1084185056788947,0.008410900831222534,62
xgb,treeshap,tok:with,620,-0.05656190687610257,0.00840775016695261,63
xgb,treeshap,tok:me,275,-0.14507476806640626,0.008316375315189362,64
xgb,treeshap,tok:about,352,-0.11192811619151723,0.00808138307183981,65
xgb,treeshap,tok:most,96,-0.402405579884847,0.007970684207975864,66
xgb,treeshap,tok:but but,35,1.4699693952287947,0.007817540317773819,67
xgb,treeshap,tok:than,203,-0.18767750556833052,0.007720867171883583,68
xgb,treeshap,tok:know,259,0.1276704353715462,0.007718103937804699,69
xgb,treeshap,tok:mean,123,0.31966893265887003,0.007643546909093857,70
xgb,treeshap,tok:do,276,-0.1155529713285142,0.007500987034291029,71
xgb,treeshap,tok:cause,56,0.7455784252711705,0.0073683676309883595,72
xgb,treeshap,tok:actually,115,-0.3115462925123132,0.007251653354614973,73
xgb,treeshap,tok:white,70,0.5094627380371094,0.00721481628715992,74
xgb,treeshap,tok:forgot,28,1.12986387525286,0.007139219436794519,75
xgb,treeshap,tok:your,416,0.07583039540510911,0.00709224259480834,76
xgb,treeshap,tok:will,255,0.1364456625545726,0.006829706020653248,77
xgb,treeshap,tok:how,322,0.0995225373262204,0.00678877392783761,78
xgb,treeshap,tok:wow,68,0.45264589085298423,0.006481463089585304,79
xgb,treeshap,tok:well,316,-0.08090223239946968,0.0064530442468822,80
xgb,treeshap,tok:us,141,0.23277661479111258,0.00642795953899622,81
xgb,treeshap,tok:even,159,-0.20677424976660772,0.006416589953005314,82
xgb,treeshap,tok:fault,27,1.3292287190755208,0.0063601103611290455,83
xgb,treeshap,tok:which,80,-0.36075990200042723,0.006232141517102718,84
xgb,treeshap,tok:their,237,0.12310539116839317,0.005961134098470211,85
xgb,treeshap,tok:never,152,0.2118179672642758,0.005960571579635143,86
xgb,treeshap,tok:game,179,0.16953011198416768,0.005915993824601173,87
xgb,treeshap,tok:bro,27,1.0153554280598958,0.005839676130563021,88
xgb,treeshap,tok:for,987,-0.017879687060942645,0.005787773989140987,89
xgb,treeshap,tok:fucking,75,-0.36827356974283854,0.005722770933061838,90
xgb,treeshap,tok:don you,26,1.2017992459810698,0.005721897352486849,91
xgb,treeshap,tok:our,104,0.2779841973231389,0.005692454520612955,92
xgb,treeshap,tok:said,95,-0.3150611676667866,0.0055341036058962345,93
xgb,treeshap,tok:ever,97,0.27786368930462707,0.005462195724248886,94
xgb,treeshap,tok:let,88,0.30559336055408826,0.005423733498901129,95
xgb,treeshap,tok:there,272,-0.09155264321495504,0.005372609011828899,96
xgb,treeshap,tok:wait,62,0.41894115940217047,0.005341047886759043,97
xgb,treeshap,tok:like,601,-0.03646588444511426,0.0053226538002491,98
xgb,treeshap,tok:how dare,16,1.8242616653442383,0.005191287491470575,99
xgb,treeshap,tok:from,271,-0.08902085223321106,0.005169983021914959,100
xgb,treeshap,tok:lot,59,-0.4143192485227423,0.005143601447343826,101
xgb,treeshap,tok:good thing,17,1.416357713587144,0.005096834152936935,102
xgb,treeshap,tok:does,111,-0.2328475574115375,0.005088435485959053,103
xgb,treeshap,tok:haha,24,-0.852744976679484,0.004977546166628599,104
xgb,treeshap,tok:omg,19,1.4529246280067845,0.004970207344740629,105
xgb,treeshap,tok:you mean,47,0.523997408278445,0.004969199653714895,106
xgb,treeshap,tok:at,373,-0.06317826442360558,0.004886020440608263,107
xgb,treeshap,tok:good,249,0.09087227051516614,0.004878577310591936,108
xgb,treeshap,tok:guess,82,0.31258366747600275,0.0048621641471982,109
xgb,treeshap,tok:say,104,-0.21169178302471453,0.004848540760576725,110
xgb,treeshap,tok:who,232,0.10577215819523253,0.004811377264559269,111
xgb,treeshap,tok:you know,57,0.3899017133210835,0.004805999342352152,112
xgb,treeshap,tok:many,53,-0.3670422176145158,0.004802460316568613,113
xgb,treeshap,tok:glad,28,0.8108044351850238,0.00479647982865572,114
xgb,treeshap,tok:any,144,-0.17399379942152235,0.004781016148626804,115
xgb,treeshap,tok:yea,50,0.5125886917114257,0.004732627421617508,116
xgb,treeshap,tok:black,63,0.3963234311058408,0.004689550958573818,117
xgb,treeshap,tok:are,670,0.02130139051978268,0.004545867908746004,118
xgb,treeshap,tok:same,125,-0.1810159454345703,0.0044965301640331745,119
xgb,treeshap,tok:maybe,99,0.20950186373007418,0.004455983638763428,120
xgb,treeshap,tok:looks,77,-0.27406412595278257,0.004410282708704472,121
xgb,treeshap,tok:shit,104,-0.1829972083751972,0.004370752722024918,122
xgb,treeshap,tok:god,73,0.29025009886859215,0.004325034096837044,123
xgb,treeshap,tok:yeah because,42,0.6921622866675967,0.004279543645679951,124
xgb,treeshap,tok:probably,107,-0.1854816864584094,0.0042756590992212296,125
xgb,treeshap,tok:she,173,0.12866968364384823,0.004230061545968056,126
xgb,treeshap,tok:not like,17,1.0458393096923828,0.004203776363283396,127
xgb,treeshap,tok:right now,22,-0.9379358291625977,0.004159878473728895,128
xgb,treeshap,tok:up,289,-0.07166061269370742,0.004087185952812433,129
xgb,treeshap,tok:confirmed,16,1.0332515239715576,0.004082663916051388,130
xgb,treeshap,tok:men,44,0.47008761492642487,0.004056318663060665,131
xgb,treeshap,tok:amirite,14,1.7047696794782365,0.00398655328899622,132
xgb,treeshap,tok:really,195,0.06816016466189653,0.003964923322200775,133
xgb,treeshap,tok:put,72,0.2394100824991862,0.003911517560482025,134
xgb,treeshap,tok:need,129,0.13182072306788245,0.003899242030456662,135
xgb,treeshap,tok:dude,54,0.37235210559986254,0.003885481972247362,136
xgb,treeshap,tok:him,192,0.1066248615582784,0.0038773170672357082,137
xgb,treeshap,tok:needs,47,0.40757727115712267,0.003873176174238324,138
xgb,treeshap,tok:rape,23,0.9357760056205418,0.0038572726771235466,139
xgb,treeshap,tok:therefore,17,1.4297277787152458,0.003843988524749875,140
xgb,treeshap,tok:ya,32,0.6321923732757568,0.003819475183263421,141
xgb,treeshap,tok:yay,14,1.6944383893694197,0.0038177238311618567,142
xgb,treeshap,tok:poor,39,0.5362022106464093,0.0037715339567512274,143
xgb,treeshap,tok:get,321,0.049859133093527915,0.0037607590202242136,144
xgb,treeshap,tok:did,145,-0.12025704219423491,0.0037336302921175957,145
xgb,treeshap,tok:both,34,-0.47512609818402457,0.0037297322414815426,146
xgb,treeshap,tok:thought,114,0.18088223641378837,0.003693076316267252,147
xgb,treeshap,tok:though,86,-0.20803052325581395,0.0036452659405767918,148
xgb,treeshap,tok:then,221,-0.07562598491685962,0.0036157635040581226,149
xgb,treeshap,tok:in the,314,0.05467857069270626,0.0036057308316230774,150
xgb,treeshap,tok:have,671,0.0037017788865704826,0.0035966408904641867,151
xgb,treeshap,tok:every,92,0.1901321618453316,0.003577511291950941,152
xgb,treeshap,tok:something,129,-0.1452122030332107,0.003525598905980587,153
xgb,treeshap,tok:be,747,-0.004171229110983321,0.0035237667616456747,154
xgb,treeshap,tok:must be,52,0.32842155603262096,0.003495669923722744,155
xgb,treeshap,tok:stop,52,0.30898017149705154,0.0034918917808681726,156
xgb,treeshap,tok:guns,33,0.6622922492749763,0.003482263535261154,157
xgb,treeshap,tok:job,52,0.3589041049663837,0.003466094611212611,158
xgb,treeshap,tok:bet,31,0.5317198230374244,0.0034445845521986485,159
xgb,treeshap,tok:hope,55,-0.3523847059770064,0.003417568514123559,160
xgb,treeshap,tok:his,249,0.06722089468714702,0.003393917577341199,161
xgb,treeshap,tok:all the,90,0.18062547047932942,0.0033721821382641792,162
xgb,treeshap,tok:as well,35,-0.3782953534807478,0.003365015145391226,163
xgb,treeshap,tok:been,137,-0.11345277911555159,0.0033426189329475164,164
xgb,treeshap,tok:racism,21,1.063739231654576,0.003337266854941845,165
xgb,treeshap,tok:point,59,-0.2716987739175053,0.0033223468344658613,166
xgb,treeshap,tok:important,26,0.6520007940439078,0.003305258462205529,167
xgb,treeshap,tok:gay,27,0.6353297763400607,0.0032881281804293394,168
xgb,treeshap,tok:enough,68,0.23131366337046905,0.003284056903794408,169
xgb,treeshap,tok:either,41,-0.43978379412395197,0.003281004261225462,170
xgb,treeshap,tok:10,62,0.2635287623251638,0.003232938703149557,171
xgb,treeshap,tok:obama,30,0.6346365610758463,0.003226239699870348,172
xgb,treeshap,tok:bit,36,-0.4570089446173774,0.0032209723722189665,173
xgb,treeshap,tok:isn,121,0.08964068830505875,0.003191955154761672,174
xgb,treeshap,tok:saying,62,-0.26302709887104647,0.0031359600834548473,175
xgb,treeshap,tok:at all,39,0.3799392504569812,0.0031342857982963324,176
xgb,treeshap,tok:but thought,12,1.7087159156799316,0.003111230907961726,177
xgb,treeshap,tok:just like,27,0.5756028140032733,0.0030833554919809103,178
xgb,treeshap,tok:thanks for,29,0.4979084277975148,0.003077967092394829,179
xgb,treeshap,tok:new,96,0.1565242807070414,0.003074145410209894,180
xgb,treeshap,tok:shitlord,10,1.6507286071777343,0.0030695765744894743,181
xgb,treeshap,tok:america,40,0.41799306869506836,0.003065513912588358,182
xgb,treeshap,tok:woman,19,0.6589764544838353,0.0030422371346503496,183
xgb,treeshap,tok:money,71,0.20039808246451365,0.003023554338142276,184
xgb,treeshap,tok:agree,35,-0.44858801705496654,0.0030134350527077913,185
xgb,treeshap,tok:the same,99,0.15651889762493096,0.002979203127324581,186
xgb,treeshap,tok:wrong,71,0.22089517620247853,0.0029739178717136383,187
xgb,treeshap,tok:very,78,-0.18061014322134164,0.00293101673014462,188
xgb,treeshap,tok:til,24,0.6351569890975952,0.002896107966080308,189
xgb,treeshap,tok:thanks,60,-0.19728654225667316,0.002895340323448181,190
xgb,treeshap,tok:knows,31,0.4388229616226689,0.002832919592037797,191
xgb,treeshap,tok:nothing,54,0.2278082635667589,0.002808618824928999,192
xgb,treeshap,tok:it not,54,0.2050055574487757,0.0027705489192157984,193
xgb,treeshap,tok:except,24,-0.4761497179667155,0.002766192192211747,194
xgb,treeshap,tok:now,207,0.06068085933077163,0.002750573679804802,195
xgb,treeshap,tok:patriarchy,11,1.8230257901278408,0.0027366892900317907,196
xgb,treeshap,tok:guy,82,0.15313399710306308,0.0027272426523268223,197
xgb,treeshap,tok:fuck,95,-0.13338748530337685,0.0027191806584596634,198
xgb,treeshap,tok:gun,28,0.4799943651471819,0.0027057314291596413,199
xgb,treeshap,tok:surely,9,1.238752047220866,0.0026991101913154125,200
