dataset,split,model,model_id,training_dataset,representation,ngram_max,seed,threshold,threshold_policy,threshold_source,rows,train_rows,n_features,n_trees,fit_seconds,inference_seconds,roc_auc,pr_auc,pr_auc_definition,accuracy,precision,recall,f1,brier_score,tn,fp,fn,tp
sarc_random,test,lgbm,sarc_random__lgbm_reply_tfidf,sarc_random,reply_tfidf,2,3244,0.5,default_0.50,fixed,137065,639638,20000,1224,236.16926440000043,5.535056200000327,0.7963905951582153,0.8112508614876971,average_precision,0.7217378615985116,0.744542691351202,0.6928714285714286,0.7177783368604875,0.183455982491025,50424,16641,21499,48501
sarc_random,test,lgbm,sarc_random__lgbm_reply_tfidf,sarc_random,reply_tfidf,2,3244,0.5160963697479156,source_validation_precision_0.75,sarc_random/val,137065,639638,20000,1224,236.16926440000043,5.535056200000327,0.7963905951582153,0.8112508614876971,average_precision,0.7210739430197352,0.7531999681198693,0.6750285714285714,0.7119749877575621,0.183455982491025,51582,15483,22748,47252
sarc_random,val,lgbm,sarc_random__lgbm_reply_tfidf,sarc_random,reply_tfidf,2,3244,0.5,default_0.50,fixed,137066,639638,20000,1224,236.16926440000043,5.646422300000268,0.7936945208739905,0.8087238769154248,average_precision,0.7198065165686603,0.7407629043147363,0.6917764053477009,0.7154320941915693,0.1845177816616855,50384,16895,21510,48277
sarc_random,val,lgbm,sarc_random__lgbm_reply_tfidf,sarc_random,reply_tfidf,2,3244,0.5160963697479156,source_validation_precision_0.75,sarc_random/val,137066,639638,20000,1224,236.16926440000043,5.646422300000268,0.7936945208739905,0.8087238769154248,average_precision,0.7198356995899785,0.75,0.6746098843624171,0.7103101260570764,0.1845177816616855,51586,15693,22708,47079
figlang_reddit,test,lgbm,sarc_random__lgbm_reply_tfidf,sarc_random,reply_tfidf,2,3244,0.5,default_0.50,fixed,1756,639638,20000,1224,236.16926440000043,0.0850288000001455,0.7341355552701596,0.7383421534130254,average_precision,0.6765375854214123,0.6703910614525139,0.6872852233676976,0.6787330316742082,0.2121926460232349,588,295,273,600
figlang_reddit,test,lgbm,sarc_random__lgbm_reply_tfidf,sarc_random,reply_tfidf,2,3244,0.5160963697479156,source_validation_precision_0.75,sarc_random/val,1756,639638,20000,1224,236.16926440000043,0.0850288000001455,0.7341355552701596,0.7383421534130254,average_precision,0.6725512528473804,0.671264367816092,0.6689576174112256,0.6701090074584051,0.2121926460232349,597,286,289,584
figlang_twitter,test,lgbm,sarc_random__lgbm_reply_tfidf,sarc_random,reply_tfidf,2,3244,0.5,default_0.50,fixed,1715,639638,20000,1224,236.16926440000043,0.1185464999998657,0.6329175187457396,0.625935321700475,average_precision,0.5947521865889213,0.601010101010101,0.4380368098159509,0.5067423704755145,0.2538148904175261,663,237,458,357
figlang_twitter,test,lgbm,sarc_random__lgbm_reply_tfidf,sarc_random,reply_tfidf,2,3244,0.5160963697479156,source_validation_precision_0.75,sarc_random/val,1715,639638,20000,1224,236.16926440000043,0.1185464999998657,0.6329175187457396,0.625935321700475,average_precision,0.5982507288629738,0.6117021276595744,0.4233128834355828,0.5003625815808557,0.2538148904175261,681,219,470,345
tweeteval_irony,test,lgbm,sarc_random__lgbm_reply_tfidf,sarc_random,reply_tfidf,2,3244,0.5,default_0.50,fixed,780,639638,20000,1224,236.16926440000043,0.0449799999996685,0.6269251887439944,0.5360242751583482,average_precision,0.6076923076923076,0.5084745762711864,0.3870967741935484,0.4395604395604395,0.2390303674499061,354,116,190,120
tweeteval_irony,test,lgbm,sarc_random__lgbm_reply_tfidf,sarc_random,reply_tfidf,2,3244,0.5160963697479156,source_validation_precision_0.75,sarc_random/val,780,639638,20000,1224,236.16926440000043,0.0449799999996685,0.6269251887439944,0.5360242751583482,average_precision,0.6128205128205129,0.5178571428571429,0.3741935483870968,0.4344569288389513,0.2390303674499061,362,108,194,116
news_headlines,test,lgbm,sarc_random__lgbm_reply_tfidf,sarc_random,reply_tfidf,2,3244,0.5,default_0.50,fixed,4257,639638,20000,1224,236.16926440000043,0.2102374999994936,0.4370067633140991,0.4286365480085269,average_precision,0.4733380314775663,0.4178544636159039,0.2753336628769154,0.331942789034565,0.3078894105567955,1458,776,1466,557
news_headlines,test,lgbm,sarc_random__lgbm_reply_tfidf,sarc_random,reply_tfidf,2,3244,0.5160963697479156,source_validation_precision_0.75,sarc_random/val,4257,639638,20000,1224,236.16926440000043,0.2102374999994936,0.4370067633140991,0.4286365480085269,average_precision,0.4745125675358233,0.4128664495114006,0.2506178942165101,0.3119040295293755,0.3078894105567955,1513,721,1516,507
sarc_random,test,xgb,sarc_random__xgb_reply_tfidf,sarc_random,reply_tfidf,2,3244,0.5,default_0.50,fixed,137065,639638,20000,7240,204.73514999999952,2.559965600000396,0.795039450107039,0.8096017243502884,average_precision,0.7211833801481049,0.7509950091604018,0.6792857142857143,0.7133427345554922,0.1841094493865966,51299,15766,22450,47550
sarc_random,test,xgb,sarc_random__xgb_reply_tfidf,sarc_random,reply_tfidf,2,3244,0.5032364130020142,source_validation_precision_0.75,sarc_random/val,137065,639638,20000,7240,204.73514999999952,2.559965600000396,0.795039450107039,0.8096017243502884,average_precision,0.7210885346368511,0.753264352789248,0.6749571428571428,0.7119640152799439,0.1841094493865966,51589,15476,22753,47247
sarc_random,val,xgb,sarc_random__xgb_reply_tfidf,sarc_random,reply_tfidf,2,3244,0.5,default_0.50,fixed,137066,639638,20000,7240,204.73514999999952,2.4811890999999378,0.7924167141680731,0.8077294183279755,average_precision,0.7197408547706944,0.747549986586078,0.6787797154197773,0.7115069768839088,0.1850085407495498,51282,15997,22417,47370
sarc_random,val,xgb,sarc_random__xgb_reply_tfidf,sarc_random,reply_tfidf,2,3244,0.5032364130020142,source_validation_precision_0.75,sarc_random/val,137066,639638,20000,7240,204.73514999999952,2.4811890999999378,0.7924167141680731,0.8077294183279755,average_precision,0.7197043759940467,0.750007970159722,0.6742086635046642,0.710091230823794,0.1850085407495498,51596,15683,22736,47051
figlang_reddit,test,xgb,sarc_random__xgb_reply_tfidf,sarc_random,reply_tfidf,2,3244,0.5,default_0.50,fixed,1756,639638,20000,7240,204.73514999999952,0.0954822999992757,0.7357610146602686,0.7369118899035522,average_precision,0.6702733485193622,0.6670454545454545,0.6723940435280642,0.6697090701654307,0.2103073894977569,590,293,286,587
figlang_reddit,test,xgb,sarc_random__xgb_reply_tfidf,sarc_random,reply_tfidf,2,3244,0.5032364130020142,source_validation_precision_0.75,sarc_random/val,1756,639638,20000,7240,204.73514999999952,0.0954822999992757,0.7357610146602686,0.7369118899035522,average_precision,0.6714123006833713,0.6701149425287356,0.6678121420389461,0.6689615605278256,0.2103073894977569,596,287,290,583
figlang_twitter,test,xgb,sarc_random__xgb_reply_tfidf,sarc_random,reply_tfidf,2,3244,0.5,default_0.50,fixed,1715,639638,20000,7240,204.73514999999952,0.108741000000009,0.6327402862985685,0.6213523598632109,average_precision,0.606997084548105,0.6131621187800963,0.4687116564417178,0.5312934631432545,0.251940369606018,659,241,433,382
figlang_twitter,test,xgb,sarc_random__xgb_reply_tfidf,sarc_random,reply_tfidf,2,3244,0.5032364130020142,source_validation_precision_0.75,sarc_random/val,1715,639638,20000,7240,204.73514999999952,0.108741000000009,0.6327402862985685,0.6213523598632109,average_precision,0.6058309037900874,0.6126418152350082,0.4638036809815951,0.5279329608938548,0.251940369606018,661,239,437,378
tweeteval_irony,test,xgb,sarc_random__xgb_reply_tfidf,sarc_random,reply_tfidf,2,3244,0.5,default_0.50,fixed,780,639638,20000,7240,204.73514999999952,0.0622702999999091,0.6180164722031571,0.5294555034490884,average_precision,0.6230769230769231,0.5338983050847458,0.4064516129032258,0.4615384615384615,0.2388191223144531,360,110,184,126
tweeteval_irony,test,xgb,sarc_random__xgb_reply_tfidf,sarc_random,reply_tfidf,2,3244,0.5032364130020142,source_validation_precision_0.75,sarc_random/val,780,639638,20000,7240,204.73514999999952,0.0622702999999091,0.6180164722031571,0.5294555034490884,average_precision,0.6205128205128205,0.5299145299145299,0.4,0.4558823529411764,0.2388191223144531,360,110,186,124
news_headlines,test,xgb,sarc_random__xgb_reply_tfidf,sarc_random,reply_tfidf,2,3244,0.5,default_0.50,fixed,4257,639638,20000,7240,204.73514999999952,0.1014930999999705,0.4337161585367203,0.4286718178593068,average_precision,0.4709889593610524,0.4093428345209818,0.2555610479485912,0.3146682897139379,0.298963725566864,1488,746,1506,517
news_headlines,test,xgb,sarc_random__xgb_reply_tfidf,sarc_random,reply_tfidf,2,3244,0.5032364130020142,source_validation_precision_0.75,sarc_random/val,4257,639638,20000,7240,204.73514999999952,0.1014930999999705,0.4337161585367203,0.4286718178593068,average_precision,0.4716936809960065,0.4090177133655394,0.2511122095897182,0.3111791730474732,0.298963725566864,1500,734,1515,508
sarc_random,test,lgbm,sarc_random__lgbm_reply_tfidf_surface,sarc_random,reply_tfidf_surface,2,3244,0.5,default_0.50,fixed,137065,639638,20017,1041,202.1897273000004,4.83896679999998,0.8074291507173212,0.8224428426317707,average_precision,0.732156276219312,0.7559355394267437,0.7022857142857143,0.7281237040109011,0.1784209653157752,51193,15872,20840,49160
sarc_random,test,lgbm,sarc_random__lgbm_reply_tfidf_surface,sarc_random,reply_tfidf_surface,2,3244,0.4986613693909975,source_validation_precision_0.75,sarc_random/val,137065,639638,20017,1041,202.1897273000004,4.83896679999998,0.8074291507173212,0.8224428426317707,average_precision,0.7319009229197826,0.7548864803544327,0.7034571428571429,0.7282649688311112,0.1784209653157752,51076,15989,20758,49242
sarc_random,val,lgbm,sarc_random__lgbm_reply_tfidf_surface,sarc_random,reply_tfidf_surface,2,3244,0.5,default_0.50,fixed,137066,639638,20017,1041,202.1897273000004,5.031853999999839,0.8044065230408897,0.8194152081174655,average_precision,0.7288970277092788,0.750529807426518,0.7003166778912978,0.7245543160001483,0.1796764037216166,51034,16245,20914,48873
sarc_random,val,lgbm,sarc_random__lgbm_reply_tfidf_surface,sarc_random,reply_tfidf_surface,2,3244,0.4986613693909975,source_validation_precision_0.75,sarc_random/val,137066,639638,20017,1041,202.1897273000004,5.031853999999839,0.8044065230408897,0.8194152081174655,average_precision,0.7290283513052106,0.75,0.7016922922607363,0.7250423826057344,0.1796764037216166,50956,16323,20818,48969
figlang_reddit,test,lgbm,sarc_random__lgbm_reply_tfidf_surface,sarc_random,reply_tfidf_surface,2,3244,0.5,default_0.50,fixed,1756,639638,20017,1041,202.1897273000004,0.0771831000001839,0.7449844913272077,0.7486713986315146,average_precision,0.6856492027334852,0.681766704416761,0.6895761741122566,0.6856492027334852,0.2076277944825779,602,281,271,602
figlang_reddit,test,lgbm,sarc_random__lgbm_reply_tfidf_surface,sarc_random,reply_tfidf_surface,2,3244,0.4986613693909975,source_validation_precision_0.75,sarc_random/val,1756,639638,20017,1041,202.1897273000004,0.0771831000001839,0.7449844913272077,0.7486713986315146,average_precision,0.6839407744874715,0.6794582392776524,0.6895761741122566,0.6844798180784537,0.2076277944825779,599,284,271,602
figlang_twitter,test,lgbm,sarc_random__lgbm_reply_tfidf_surface,sarc_random,reply_tfidf_surface,2,3244,0.5,default_0.50,fixed,1715,639638,20017,1041,202.1897273000004,0.1015494000002945,0.6106080436264485,0.6021484655529143,average_precision,0.5865889212827988,0.6019230769230769,0.3840490797546012,0.4689138576779026,0.2659402419584744,693,207,502,313
figlang_twitter,test,lgbm,sarc_random__lgbm_reply_tfidf_surface,sarc_random,reply_tfidf_surface,2,3244,0.4986613693909975,source_validation_precision_0.75,sarc_random/val,1715,639638,20017,1041,202.1897273000004,0.1015494000002945,0.6106080436264485,0.6021484655529143,average_precision,0.5877551020408164,0.603448275862069,0.3865030674846625,0.4712041884816754,0.2659402419584744,693,207,500,315
tweeteval_irony,test,lgbm,sarc_random__lgbm_reply_tfidf_surface,sarc_random,reply_tfidf_surface,2,3244,0.5,default_0.50,fixed,780,639638,20017,1041,202.1897273000004,0.0416709999999511,0.5986204529855869,0.5199838489349741,average_precision,0.6051282051282051,0.5038759689922481,0.4193548387096774,0.4577464788732394,0.2500546439199919,342,128,180,130
tweeteval_irony,test,lgbm,sarc_random__lgbm_reply_tfidf_surface,sarc_random,reply_tfidf_surface,2,3244,0.4986613693909975,source_validation_precision_0.75,sarc_random/val,780,639638,20017,1041,202.1897273000004,0.0416709999999511,0.5986204529855869,0.5199838489349741,average_precision,0.6051282051282051,0.5038759689922481,0.4193548387096774,0.4577464788732394,0.2500546439199919,342,128,180,130
news_headlines,test,lgbm,sarc_random__lgbm_reply_tfidf_surface,sarc_random,reply_tfidf_surface,2,3244,0.5,default_0.50,fixed,4257,639638,20017,1041,202.1897273000004,0.1927986000000601,0.4475308792219821,0.4335634192684885,average_precision,0.4808550622504111,0.4205607476635514,0.2446861097380128,0.309375,0.3024155224310554,1552,682,1528,495
news_headlines,test,lgbm,sarc_random__lgbm_reply_tfidf_surface,sarc_random,reply_tfidf_surface,2,3244,0.4986613693909975,source_validation_precision_0.75,sarc_random/val,4257,639638,20017,1041,202.1897273000004,0.1927986000000601,0.4475308792219821,0.4335634192684885,average_precision,0.4801503406154569,0.4198988195615514,0.2461690558576371,0.3103770645060766,0.3024155224310554,1546,688,1525,498
sarc_random,test,xgb,sarc_random__xgb_reply_tfidf_surface,sarc_random,reply_tfidf_surface,2,3244,0.5,default_0.50,fixed,137065,639638,20017,7901,240.05115589999969,2.531022000000121,0.8060842057279185,0.82149663712176,average_precision,0.7307627767847372,0.7589628029982943,0.6928571428571428,0.7244049797241287,0.1790065914392471,51662,15403,21500,48500
sarc_random,test,xgb,sarc_random__xgb_reply_tfidf_surface,sarc_random,reply_tfidf_surface,2,3244,0.4927029013633728,source_validation_precision_0.75,sarc_random/val,137065,639638,20017,7901,240.05115589999969,2.531022000000121,0.8060842057279185,0.82149663712176,average_precision,0.7309597636158027,0.7546589581155052,0.7011428571428572,0.7269172665067093,0.1790065914392471,51109,15956,20920,49080
sarc_random,val,xgb,sarc_random__xgb_reply_tfidf_surface,sarc_random,reply_tfidf_surface,2,3244,0.5,default_0.50,fixed,137066,639638,20017,7901,240.05115589999969,2.5568359999997483,0.8036362443884556,0.8194054251556118,average_precision,0.7281090861336874,0.7543884351825777,0.6909453049994985,0.721274447477656,0.1799320578575134,51580,15699,21568,48219
sarc_random,val,xgb,sarc_random__xgb_reply_tfidf_surface,sarc_random,reply_tfidf_surface,2,3244,0.4927029013633728,source_validation_precision_0.75,sarc_random/val,137066,639638,20017,7901,240.05115589999969,2.5568359999997483,0.8036362443884556,0.8194054251556118,average_precision,0.7280653116017102,0.7500076892319995,0.6988407583074212,0.7235207287131064,0.1799320578575134,51023,16256,21017,48770
figlang_reddit,test,xgb,sarc_random__xgb_reply_tfidf_surface,sarc_random,reply_tfidf_surface,2,3244,0.5,default_0.50,fixed,1756,639638,20017,7901,240.05115589999969,0.1077078000007532,0.7509765080254625,0.7534530743855645,average_precision,0.6879271070615034,0.689173457508731,0.6781214203894617,0.6836027713625866,0.2048403471708297,616,267,281,592
figlang_reddit,test,xgb,sarc_random__xgb_reply_tfidf_surface,sarc_random,reply_tfidf_surface,2,3244,0.4927029013633728,source_validation_precision_0.75,sarc_random/val,1756,639638,20017,7901,240.05115589999969,0.1077078000007532,0.7509765080254625,0.7534530743855645,average_precision,0.6879271070615034,0.685290763968073,0.6884306987399771,0.6868571428571428,0.2048403471708297,607,276,272,601
figlang_twitter,test,xgb,sarc_random__xgb_reply_tfidf_surface,sarc_random,reply_tfidf_surface,2,3244,0.5,default_0.50,fixed,1715,639638,20017,7901,240.05115589999969,0.1020933999998305,0.6111138377641445,0.6003419738158794,average_precision,0.5877551020408164,0.5992647058823529,0.4,0.4797645327446652,0.2662059962749481,682,218,489,326
figlang_twitter,test,xgb,sarc_random__xgb_reply_tfidf_surface,sarc_random,reply_tfidf_surface,2,3244,0.4927029013633728,source_validation_precision_0.75,sarc_random/val,1715,639638,20017,7901,240.05115589999969,0.1020933999998305,0.6111138377641445,0.6003419738158794,average_precision,0.5877551020408164,0.5974729241877257,0.4061349693251533,0.4835646457268079,0.2662059962749481,677,223,484,331
tweeteval_irony,test,xgb,sarc_random__xgb_reply_tfidf_surface,sarc_random,reply_tfidf_surface,2,3244,0.5,default_0.50,fixed,780,639638,20017,7901,240.05115589999969,0.0700673999999708,0.5964172958133149,0.5063288990334911,average_precision,0.6166666666666667,0.5232067510548524,0.4,0.453382084095064,0.2495047301054,357,113,186,124
tweeteval_irony,test,xgb,sarc_random__xgb_reply_tfidf_surface,sarc_random,reply_tfidf_surface,2,3244,0.4927029013633728,source_validation_precision_0.75,sarc_random/val,780,639638,20017,7901,240.05115589999969,0.0700673999999708,0.5964172958133149,0.5063288990334911,average_precision,0.6102564102564103,0.5121951219512195,0.4064516129032258,0.4532374100719424,0.2495047301054,350,120,184,126
news_headlines,test,xgb,sarc_random__xgb_reply_tfidf_surface,sarc_random,reply_tfidf_surface,2,3244,0.5,default_0.50,fixed,4257,639638,20017,7901,240.05115589999969,0.1137083000003258,0.4416039626656918,0.4314939179847739,average_precision,0.4778012684989429,0.4133448873483535,0.2357884330202669,0.3002832861189802,0.2978904843330383,1557,677,1546,477
news_headlines,test,xgb,sarc_random__xgb_reply_tfidf_surface,sarc_random,reply_tfidf_surface,2,3244,0.4927029013633728,source_validation_precision_0.75,sarc_random/val,4257,639638,20017,7901,240.05115589999969,0.1137083000003258,0.4416039626656918,0.4314939179847739,average_precision,0.4761569180173831,0.4142502071251036,0.2471576866040533,0.3095975232198142,0.2978904843330383,1527,707,1523,500
sarc_random,test,lgbm,sarc_random__lgbm_reply_tfidf_surface_context,sarc_random,reply_tfidf_surface_context,2,3244,0.5,default_0.50,fixed,137065,639638,25022,1072,357.68285430000014,7.466374900000119,0.809165123387758,0.8234190825027944,average_precision,0.7321197971765221,0.7547103390219637,0.7044142857142857,0.7286954594155245,0.1777210535237239,51039,16026,20691,49309
sarc_random,test,lgbm,sarc_random__lgbm_reply_tfidf_surface_context,sarc_random,reply_tfidf_surface_context,2,3244,0.500503482734321,source_validation_precision_0.75,sarc_random/val,137065,639638,25022,1072,357.68285430000014,7.466374900000119,0.809165123387758,0.8234190825027944,average_precision,0.732148980410754,0.7550610699891193,0.7038571428571428,0.7285605494887359,0.1777210535237239,51082,15983,20730,49270
sarc_random,val,lgbm,sarc_random__lgbm_reply_tfidf_surface_context,sarc_random,reply_tfidf_surface_context,2,3244,0.5,default_0.50,fixed,137066,639638,25022,1072,357.68285430000014,7.796207900000809,0.8050872517192572,0.8195185308641658,average_precision,0.729539054178279,0.749557576127418,0.7040279708255119,0.7260797280821665,0.1794800158590467,50863,16416,20655,49132
sarc_random,val,lgbm,sarc_random__lgbm_reply_tfidf_surface_context,sarc_random,reply_tfidf_surface_context,2,3244,0.500503482734321,source_validation_precision_0.75,sarc_random/val,137066,639638,25022,1072,357.68285430000014,7.796207900000809,0.8050872517192572,0.8195185308641658,average_precision,0.7296922650401996,0.7500038183678769,0.7036410792841074,0.7260830992163241,0.1794800158590467,50911,16368,20682,49105
sarc_random,test,xgb,sarc_random__xgb_reply_tfidf_surface_context,sarc_random,reply_tfidf_surface_context,2,3244,0.5,default_0.50,fixed,137065,639638,25022,5159,241.42437700000028,6.7712439999995695,0.8072525660606448,0.8220288194530077,average_precision,0.7310327217013826,0.759858204975374,0.6920571428571428,0.7243745981428593,0.1786538809537887,51755,15310,21556,48444
sarc_random,test,xgb,sarc_random__xgb_reply_tfidf_surface_context,sarc_random,reply_tfidf_surface_context,2,3244,0.4924575686454773,source_validation_precision_0.75,sarc_random/val,137065,639638,25022,5159,241.42437700000028,6.7712439999995695,0.8072525660606448,0.8220288194530077,average_precision,0.7311640462554263,0.7549761575142285,0.7011571428571428,0.7270720687356492,0.1786538809537887,51136,15929,20919,49081
sarc_random,val,xgb,sarc_random__xgb_reply_tfidf_surface_context,sarc_random,reply_tfidf_surface_context,2,3244,0.5,default_0.50,fixed,137066,639638,25022,5159,241.42437700000028,6.760782100000142,0.8038271167861175,0.8189444191115174,average_precision,0.7285687187194491,0.7544314472677297,0.6922062848381504,0.7219806005171203,0.1800394803285598,51555,15724,21480,48307
sarc_random,val,xgb,sarc_random__xgb_reply_tfidf_surface_context,sarc_random,reply_tfidf_surface_context,2,3244,0.4924575686454773,source_validation_precision_0.75,sarc_random/val,137066,639638,25022,5159,241.42437700000028,6.760782100000142,0.8038271167861175,0.8189444191115174,average_precision,0.7285833102301081,0.7500038361797787,0.7003739951566911,0.7243397848187557,0.1800394803285598,50987,16292,20910,48877
sarc_random,test,lgbm,sarc_random__lgbm_reply_tfidf_surface_subreddit,sarc_random,reply_tfidf_surface_subreddit,2,3244,0.5,default_0.50,fixed,137065,639638,20019,1284,236.9983980999996,5.1054033000000345,0.8158728894143208,0.8291441727038074,average_precision,0.7374822164666399,0.7599969428309385,0.7102714285714286,0.7342933097031458,0.1747018123902601,51364,15701,20281,49719
sarc_random,test,lgbm,sarc_random__lgbm_reply_tfidf_surface_subreddit,sarc_random,reply_tfidf_surface_subreddit,2,3244,0.4879491471387371,source_validation_precision_0.75,sarc_random/val,137065,639638,20019,1284,236.9983980999996,5.1054033000000345,0.8158728894143208,0.8291441727038074,average_precision,0.7376135410206837,0.7538635956799332,0.7219428571428571,0.7375580139525381,0.1747018123902601,50565,16500,19464,50536
sarc_random,val,lgbm,sarc_random__lgbm_reply_tfidf_surface_subreddit,sarc_random,reply_tfidf_surface_subreddit,2,3244,0.5,default_0.50,fixed,137066,639638,20019,1284,236.9983980999996,5.294699799999762,0.8127678130967491,0.825765030263266,average_precision,0.7357623334743846,0.7567183126596412,0.7089429263329846,0.7320519649621212,0.1760339215834344,51373,15906,20312,49475
sarc_random,val,lgbm,sarc_random__lgbm_reply_tfidf_surface_subreddit,sarc_random,reply_tfidf_surface_subreddit,2,3244,0.4879491471387371,source_validation_precision_0.75,sarc_random/val,137066,639638,20019,1284,236.9983980999996,5.294699799999762,0.8127678130967491,0.825765030263266,average_precision,0.7352005603140093,0.75,0.7198761947067506,0.734629417054785,0.1760339215834344,50533,16746,19549,50238
sarc_random,test,xgb,sarc_random__xgb_reply_tfidf_surface_subreddit,sarc_random,reply_tfidf_surface_subreddit,2,3244,0.5,default_0.50,fixed,137065,639638,20019,7022,219.5874143000001,2.90619340000012,0.8134530769722338,0.8268767838658904,average_precision,0.7363878451829424,0.7626485094766883,0.7024428571428571,0.7313086544610854,0.1758495271205902,51762,15303,20829,49171
sarc_random,test,xgb,sarc_random__xgb_reply_tfidf_surface_subreddit,sarc_random,reply_tfidf_surface_subreddit,2,3244,0.486618161201477,source_validation_precision_0.75,sarc_random/val,137065,639638,20019,7022,219.5874143000001,2.90619340000012,0.8134530769722338,0.8268767838658904,average_precision,0.7367526356108416,0.7549305513799531,0.7174428571428572,0.7357094723272098,0.1758495271205902,50762,16303,19779,50221
sarc_random,val,xgb,sarc_random__xgb_reply_tfidf_surface_subreddit,sarc_random,reply_tfidf_surface_subreddit,2,3244,0.5,default_0.50,fixed,137066,639638,20019,7022,219.5874143000001,2.9941789000004064,0.810444339125007,0.8244850278929041,average_precision,0.7334714663009061,0.758339418610071,0.6993996016450055,0.7276779724189341,0.1770320385694503,51725,15554,20978,48809
sarc_random,val,xgb,sarc_random__xgb_reply_tfidf_surface_subreddit,sarc_random,reply_tfidf_surface_subreddit,2,3244,0.486618161201477,source_validation_precision_0.75,sarc_random/val,137066,639638,20019,7022,219.5874143000001,2.9941789000004064,0.810444339125007,0.8244850278929041,average_precision,0.7330483124917923,0.7500037654572018,0.7135283075644461,0.7313114994859744,0.1770320385694503,50681,16598,19992,49795
sarc_temporal,test,lgbm,sarc_temporal__lgbm_reply_tfidf,sarc_temporal,reply_tfidf,2,3244,0.5,default_0.50,fixed,242091,484447,20000,1224,186.53871809999964,10.304568200000176,0.7805690572499793,0.7648879424402304,average_precision,0.7095844124729956,0.6799282772333476,0.6910245653919367,0.6854315154606426,0.1908645812989508,95186,36058,34249,76598
sarc_temporal,test,lgbm,sarc_temporal__lgbm_reply_tfidf,sarc_temporal,reply_tfidf,2,3244,0.5160963697479156,source_validation_precision_0.75,sarc_random/val,242091,484447,20000,1224,186.53871809999964,10.304568200000176,0.7805690572499793,0.7648879424402304,average_precision,0.7121413022375883,0.6897935092362885,0.6747589019098397,0.6821933800928501,0.1908645812989508,97608,33636,36052,74795
sarc_temporal,val,lgbm,sarc_temporal__lgbm_reply_tfidf,sarc_temporal,reply_tfidf,2,3244,0.5,default_0.50,fixed,182441,484447,20000,1224,186.53871809999964,7.460075299999517,0.7821365269394669,0.793797073437503,average_precision,0.7088647836834922,0.7183198460309064,0.6943966924164944,0.7061557100891241,0.1900491785411584,65504,25027,28088,63822
sarc_temporal,val,lgbm,sarc_temporal__lgbm_reply_tfidf,sarc_temporal,reply_tfidf,2,3244,0.5160963697479156,source_validation_precision_0.75,sarc_random/val,182441,484447,20000,1224,186.53871809999964,7.460075299999517,0.7821365269394669,0.793797073437503,average_precision,0.7095334930196612,0.7270298335063996,0.677978457186378,0.7016479092889837,0.1900491785411584,67135,23396,29597,62313
sarc_temporal,test,xgb,sarc_temporal__xgb_reply_tfidf,sarc_temporal,reply_tfidf,2,3244,0.5,default_0.50,fixed,242091,484447,20000,7240,159.6749660000005,3.90142890000061,0.7798146485523694,0.763978786463934,average_precision,0.7101007472396743,0.6851894018744364,0.6786742085938275,0.6819162436548223,0.1908150315284729,96680,34564,35618,75229
sarc_temporal,test,xgb,sarc_temporal__xgb_reply_tfidf,sarc_temporal,reply_tfidf,2,3244,0.5032364130020142,source_validation_precision_0.75,sarc_random/val,242091,484447,20000,7240,159.6749660000005,3.90142890000061,0.7798146485523694,0.763978786463934,average_precision,0.7104064174215481,0.6871388278960375,0.6747408590218951,0.6808834105619634,0.1908150315284729,97190,34054,36054,74793
sarc_temporal,val,xgb,sarc_temporal__xgb_reply_tfidf,sarc_temporal,reply_tfidf,2,3244,0.5,default_0.50,fixed,182441,484447,20000,7240,159.6749660000005,2.946570000000065,0.7811320603355518,0.7928442561947293,average_precision,0.7085413914635417,0.7231284993433331,0.682939832444783,0.7024598236268409,0.1901149302721023,66498,24033,29141,62769
sarc_temporal,val,xgb,sarc_temporal__xgb_reply_tfidf,sarc_temporal,reply_tfidf,2,3244,0.5032364130020142,source_validation_precision_0.75,sarc_random/val,182441,484447,20000,7240,159.6749660000005,2.946570000000065,0.7811320603355518,0.7928442561947293,average_precision,0.7085907224801443,0.7249973867899328,0.6791752801653792,0.7013386813174467,0.1901149302721023,66853,23678,29487,62423
sarc_temporal,test,lgbm,sarc_temporal__lgbm_reply_tfidf_surface,sarc_temporal,reply_tfidf_surface,2,3244,0.5,default_0.50,fixed,242091,484447,20017,1041,165.45974489999935,8.241472599998815,0.7917508942024828,0.77808819828478,average_precision,0.7190725801454825,0.6922131184320341,0.6958600593611013,0.6940317980186973,0.1856333569225006,96947,34297,33713,77134
sarc_temporal,test,lgbm,sarc_temporal__lgbm_reply_tfidf_surface,sarc_temporal,reply_tfidf_surface,2,3244,0.4986613693909975,source_validation_precision_0.75,sarc_random/val,242091,484447,20017,1041,165.45974489999935,8.241472599998815,0.7917508942024828,0.77808819828478,average_precision,0.718750387251075,0.6912350063060726,0.6971591472931158,0.694184437936796,0.1856333569225006,96725,34519,33569,77278
sarc_temporal,val,lgbm,sarc_temporal__lgbm_reply_tfidf_surface,sarc_temporal,reply_tfidf_surface,2,3244,0.5,default_0.50,fixed,182441,484447,20017,1041,165.45974489999935,6.356979700000011,0.793464328724167,0.8055986076803286,average_precision,0.719635388975066,0.7306369109592141,0.7024480470025024,0.7162652406891732,0.1849015830737359,66729,23802,27348,64562
sarc_temporal,val,lgbm,sarc_temporal__lgbm_reply_tfidf_surface,sarc_temporal,reply_tfidf_surface,2,3244,0.4986613693909975,source_validation_precision_0.75,sarc_random/val,182441,484447,20017,1041,165.45974489999935,6.356979700000011,0.793464328724167,0.8055986076803286,average_precision,0.7195750955103294,0.7299215708401512,0.7037536720705038,0.7165988090292204,0.1849015830737359,66598,23933,27228,64682
sarc_temporal,test,xgb,sarc_temporal__xgb_reply_tfidf_surface,sarc_temporal,reply_tfidf_surface,2,3244,0.5,default_0.50,fixed,242091,484447,20017,7901,190.89642739999908,4.3231267999999545,0.7906317716842632,0.7769144857695172,average_precision,0.7200226361161712,0.6965147795614043,0.6885346468555757,0.692501723950205,0.1858684420585632,97989,33255,34525,76322
sarc_temporal,test,xgb,sarc_temporal__xgb_reply_tfidf_surface,sarc_temporal,reply_tfidf_surface,2,3244,0.4927029013633728,source_validation_precision_0.75,sarc_random/val,242091,484447,20017,7901,190.89642739999908,4.3231267999999545,0.7906317716842632,0.7769144857695172,average_precision,0.7187627792854753,0.6915860215053763,0.6962840672278005,0.6939270927456878,0.1858684420585632,96825,34419,33666,77181
sarc_temporal,val,xgb,sarc_temporal__xgb_reply_tfidf_surface,sarc_temporal,reply_tfidf_surface,2,3244,0.5,default_0.50,fixed,182441,484447,20017,7901,190.89642739999908,3.333712600000581,0.7923821406938344,0.8046249288734155,average_precision,0.7179910217549783,0.7321658097686375,0.6941355674028942,0.7126436781609196,0.1852315366268158,67193,23338,28112,63798
sarc_temporal,val,xgb,sarc_temporal__xgb_reply_tfidf_surface,sarc_temporal,reply_tfidf_surface,2,3244,0.4927029013633728,source_validation_precision_0.75,sarc_random/val,182441,484447,20017,7901,190.89642739999908,3.333712600000581,0.7923821406938344,0.8046249288734155,average_precision,0.7175415613814877,0.7278462441314554,0.7016973125884017,0.7145326227855394,0.1852315366268158,66416,24115,27417,64493
sarc_temporal,test,lgbm,sarc_temporal__lgbm_reply_tfidf_surface_context,sarc_temporal,reply_tfidf_surface_context,2,3244,0.5,default_0.50,fixed,242091,484447,25022,1072,305.8561881000005,11.574784200000067,0.7920314936643169,0.7779706412975588,average_precision,0.7187008191134738,0.6904793733123011,0.6989634360875802,0.6946955024747149,0.1855762262769408,96513,34731,33369,77478
sarc_temporal,test,lgbm,sarc_temporal__lgbm_reply_tfidf_surface_context,sarc_temporal,reply_tfidf_surface_context,2,3244,0.500503482734321,source_validation_precision_0.75,sarc_random/val,242091,484447,25022,1072,305.8561881000005,11.574784200000067,0.7920314936643169,0.7779706412975588,average_precision,0.718721472504141,0.6907038986528682,0.6984492137811578,0.6945549639584278,0.1855762262769408,96575,34669,33426,77421
sarc_temporal,val,lgbm,sarc_temporal__lgbm_reply_tfidf_surface_context,sarc_temporal,reply_tfidf_surface_context,2,3244,0.5,default_0.50,fixed,182441,484447,25022,1072,305.8561881000005,8.8459483000006,0.7944502670886314,0.8059463457078271,average_precision,0.7182596017342593,0.7271320437342305,0.7054945054945055,0.7161498743683905,0.1846274107562519,66198,24333,27068,64842
sarc_temporal,val,lgbm,sarc_temporal__lgbm_reply_tfidf_surface_context,sarc_temporal,reply_tfidf_surface_context,2,3244,0.500503482734321,source_validation_precision_0.75,sarc_random/val,182441,484447,25022,1072,305.8561881000005,8.8459483000006,0.7944502670886314,0.8059463457078271,average_precision,0.7183089327508619,0.7274196807435845,0.705037536720705,0.7160537482319661,0.1846274107562519,66249,24282,27110,64800
sarc_temporal,test,xgb,sarc_temporal__xgb_reply_tfidf_surface_context,sarc_temporal,reply_tfidf_surface_context,2,3244,0.5,default_0.50,fixed,242091,484447,25022,5159,197.8227564000008,11.89040810000006,0.7903693623470703,0.7761621204728313,average_precision,0.7182712285875972,0.6943211541791603,0.6872806661434229,0.6907829713923017,0.1859893947839737,97704,33540,34664,76183
sarc_temporal,test,xgb,sarc_temporal__xgb_reply_tfidf_surface_context,sarc_temporal,reply_tfidf_surface_context,2,3244,0.4924575686454773,source_validation_precision_0.75,sarc_random/val,242091,484447,25022,5159,197.8227564000008,11.89040810000006,0.7903693623470703,0.7761621204728313,average_precision,0.7168585366659644,0.6889736693977109,0.6956615875937102,0.6923014768595412,0.1859893947839737,96433,34811,33735,77112
sarc_temporal,val,xgb,sarc_temporal__xgb_reply_tfidf_surface_context,sarc_temporal,reply_tfidf_surface_context,2,3244,0.5,default_0.50,fixed,182441,484447,25022,5159,197.8227564000008,8.86807509999926,0.7932325582572295,0.8051778337160735,average_precision,0.7179636156346435,0.7319321660761584,0.6945272549232945,0.712739290878335,0.1848443448543548,67152,23379,28076,63834
sarc_temporal,val,xgb,sarc_temporal__xgb_reply_tfidf_surface_context,sarc_temporal,reply_tfidf_surface_context,2,3244,0.4924575686454773,source_validation_precision_0.75,sarc_random/val,182441,484447,25022,5159,197.8227564000008,8.86807509999926,0.7932325582572295,0.8051778337160735,average_precision,0.7176676295350277,0.7272604542846536,0.7033402241323033,0.7151003611785594,0.1848443448543548,66288,24243,27266,64644
sarc_subreddit,test,lgbm,sarc_subreddit__lgbm_reply_tfidf,sarc_subreddit,reply_tfidf,2,3244,0.5,default_0.50,fixed,135534,639838,20000,1224,198.85882739999943,6.218252099999518,0.7926986234867602,0.8020397396192596,average_precision,0.7193545531010669,0.7354656243545132,0.6839647733317572,0.7087809023604082,0.1848885351194937,51209,16649,21388,46288
sarc_subreddit,test,lgbm,sarc_subreddit__lgbm_reply_tfidf,sarc_subreddit,reply_tfidf,2,3244,0.5160963697479156,source_validation_precision_0.75,sarc_random/val,135534,639838,20000,1224,198.85882739999943,6.218252099999518,0.7926986234867602,0.8020397396192596,average_precision,0.7197234642229994,0.7453514701750327,0.6663514392103552,0.7036410020362149,0.1848885351194937,52451,15407,22580,45096
sarc_subreddit,val,lgbm,sarc_subreddit__lgbm_reply_tfidf,sarc_subreddit,reply_tfidf,2,3244,0.5,default_0.50,fixed,135123,639838,20000,1224,198.85882739999943,5.817791400000715,0.7956759348370783,0.811504371250614,average_precision,0.7216758064874226,0.743801652892562,0.6960808407904818,0.719150461510888,0.1836376900367927,49365,16585,21023,48150
sarc_subreddit,val,lgbm,sarc_subreddit__lgbm_reply_tfidf,sarc_subreddit,reply_tfidf,2,3244,0.5160963697479156,source_validation_precision_0.75,sarc_random/val,135123,639838,20000,1224,198.85882739999943,5.817791400000715,0.7956759348370783,0.811504371250614,average_precision,0.7221716510142611,0.7533478567309541,0.6798895522819597,0.7147362102111686,0.1836376900367927,50552,15398,22143,47030
sarc_subreddit,test,xgb,sarc_subreddit__xgb_reply_tfidf,sarc_subreddit,reply_tfidf,2,3244,0.5,default_0.50,fixed,135534,639838,20000,7240,185.3270537999997,2.1156434999993508,0.7910227247465939,0.8007006750266394,average_precision,0.7181519028435669,0.7415352846700973,0.6685826585495597,0.7031718650442134,0.1855702549219131,52087,15771,22429,45247
sarc_subreddit,test,xgb,sarc_subreddit__xgb_reply_tfidf,sarc_subreddit,reply_tfidf,2,3244,0.5032364130020142,source_validation_precision_0.75,sarc_random/val,135534,639838,20000,7240,185.3270537999997,2.1156434999993508,0.7910227247465939,0.8007006750266394,average_precision,0.7182183068455148,0.7435207056608137,0.6651102311011289,0.7021331357485474,0.1855702549219131,52331,15527,22664,45012
sarc_subreddit,val,xgb,sarc_subreddit__xgb_reply_tfidf,sarc_subreddit,reply_tfidf,2,3244,0.5,default_0.50,fixed,135123,639838,20000,7240,185.3270537999997,2.4928295999998227,0.7943762900912301,0.8104504840896269,average_precision,0.7210541506627295,0.7500119125144935,0.6826362887253697,0.7147398056488966,0.1841395795345306,50211,15739,21953,47220
sarc_subreddit,val,xgb,sarc_subreddit__xgb_reply_tfidf,sarc_subreddit,reply_tfidf,2,3244,0.5032364130020142,source_validation_precision_0.75,sarc_random/val,135123,639838,20000,7240,185.3270537999997,2.4928295999998227,0.7943762900912301,0.8104504840896269,average_precision,0.7210985546502076,0.7519484052682958,0.6792679224552932,0.7137627221631475,0.1841395795345306,50450,15500,22186,46987
sarc_subreddit,test,lgbm,sarc_subreddit__lgbm_reply_tfidf_surface,sarc_subreddit,reply_tfidf_surface,2,3244,0.5,default_0.50,fixed,135534,639838,20017,1041,177.8246605000004,5.277594099999988,0.8022966524129057,0.8113682824646925,average_precision,0.7278690217952691,0.7455934663667831,0.6906732076363852,0.7170833109605959,0.1806471679396064,51909,15949,20934,46742
sarc_subreddit,test,lgbm,sarc_subreddit__lgbm_reply_tfidf_surface,sarc_subreddit,reply_tfidf_surface,2,3244,0.4986613693909975,source_validation_precision_0.75,sarc_random/val,135534,639838,20017,1041,177.8246605000004,5.277594099999988,0.8022966524129057,0.8113682824646925,average_precision,0.7277952395708825,0.7447329506606669,0.692076954902772,0.7174400882305636,0.1806471679396064,51804,16054,20839,46837
sarc_subreddit,val,lgbm,sarc_subreddit__lgbm_reply_tfidf_surface,sarc_subreddit,reply_tfidf_surface,2,3244,0.5,default_0.50,fixed,135123,639838,20017,1041,177.8246605000004,5.955720699999802,0.8054732924132698,0.8217192060933773,average_precision,0.7300903621145178,0.7524003581241703,0.7046390932878436,0.7277369265798216,0.1791696160873667,49910,16040,20431,48742
sarc_subreddit,val,lgbm,sarc_subreddit__lgbm_reply_tfidf_surface,sarc_subreddit,reply_tfidf_surface,2,3244,0.4986613693909975,source_validation_precision_0.75,sarc_random/val,135123,639838,20017,1041,177.8246605000004,5.955720699999802,0.8054732924132698,0.8217192060933773,average_precision,0.7299201468291853,0.7514581634066391,0.7058968094487733,0.7279652931003637,0.1791696160873667,49800,16150,20344,48829
sarc_subreddit,test,xgb,sarc_subreddit__xgb_reply_tfidf_surface,sarc_subreddit,reply_tfidf_surface,2,3244,0.5,default_0.50,fixed,135534,639838,20017,7901,231.4542003000006,2.793893100000787,0.8014463758244521,0.8112350361429084,average_precision,0.7265409417563121,0.7485911032433047,0.6810833973639104,0.7132434293495501,0.180985689163208,52378,15480,21583,46093
sarc_subreddit,test,xgb,sarc_subreddit__xgb_reply_tfidf_surface,sarc_subreddit,reply_tfidf_surface,2,3244,0.4927029013633728,source_validation_precision_0.75,sarc_random/val,135534,639838,20017,7901,231.4542003000006,2.793893100000787,0.8014463758244521,0.8112350361429084,average_precision,0.7264524030870483,0.7441789949091141,0.6890330397777646,0.7155450869668628,0.180985689163208,51828,16030,21045,46631
sarc_subreddit,val,xgb,sarc_subreddit__xgb_reply_tfidf_surface,sarc_subreddit,reply_tfidf_surface,2,3244,0.5,default_0.50,fixed,135123,639838,20017,7901,231.4542003000006,2.8687009000004764,0.8050933160989258,0.8216541019419266,average_precision,0.7303123820519083,0.7573108609521414,0.6963410579272259,0.725547346302447,0.1792733669281005,50514,15436,21005,48168
sarc_subreddit,val,xgb,sarc_subreddit__xgb_reply_tfidf_surface,sarc_subreddit,reply_tfidf_surface,2,3244,0.4927029013633728,source_validation_precision_0.75,sarc_random/val,135123,639838,20017,7901,231.4542003000006,2.8687009000004764,0.8050933160989258,0.8216541019419266,average_precision,0.7304751966726613,0.7533178654292343,0.7040608329839677,0.7278569453681355,0.1792733669281005,50002,15948,20471,48702
sarc_subreddit,test,lgbm,sarc_subreddit__lgbm_reply_tfidf_surface_context,sarc_subreddit,reply_tfidf_surface_context,2,3244,0.5,default_0.50,fixed,135534,639838,25022,1072,335.4644535000007,7.240604799999346,0.8033535156826128,0.8116634578530829,average_precision,0.727492732450898,0.7434585656360871,0.6935841361782611,0.7176558725499189,0.1802971066129554,51661,16197,20737,46939
sarc_subreddit,test,lgbm,sarc_subreddit__lgbm_reply_tfidf_surface_context,sarc_subreddit,reply_tfidf_surface_context,2,3244,0.500503482734321,source_validation_precision_0.75,sarc_random/val,135534,639838,25022,1072,335.4644535000007,7.240604799999346,0.8033535156826128,0.8116634578530829,average_precision,0.7274410848938274,0.7437235341696667,0.6929192032626041,0.717423066037375,0.1802971066129554,51699,16159,20782,46894
sarc_subreddit,val,lgbm,sarc_subreddit__lgbm_reply_tfidf_surface_context,sarc_subreddit,reply_tfidf_surface_context,2,3244,0.5,default_0.50,fixed,135123,639838,25022,1072,335.4644535000007,7.267509799999971,0.8067936475584772,0.8226951822214298,average_precision,0.7307490212621094,0.7517620502740967,0.7077472424211759,0.7290909632453685,0.1786798557903903,49784,16166,20216,48957
sarc_subreddit,val,lgbm,sarc_subreddit__lgbm_reply_tfidf_surface_context,sarc_subreddit,reply_tfidf_surface_context,2,3244,0.500503482734321,source_validation_precision_0.75,sarc_random/val,135123,639838,25022,1072,335.4644535000007,7.267509799999971,0.8067936475584772,0.8226951822214298,average_precision,0.7307712232558484,0.7520211490578218,0.7073280037008659,0.7289902037471598,0.1786798557903903,49816,16134,20245,48928
sarc_subreddit,test,xgb,sarc_subreddit__xgb_reply_tfidf_surface_context,sarc_subreddit,reply_tfidf_surface_context,2,3244,0.5,default_0.50,fixed,135534,639838,25022,5159,248.781740800001,5.727043400000184,0.8013301610173595,0.8103257649640634,average_precision,0.7258769017368336,0.7470817750578788,0.6818517642886696,0.7129779130582573,0.1812296658754348,52236,15622,21531,46145
sarc_subreddit,test,xgb,sarc_subreddit__xgb_reply_tfidf_surface_context,sarc_subreddit,reply_tfidf_surface_context,2,3244,0.4924575686454773,source_validation_precision_0.75,sarc_random/val,135534,639838,25022,5159,248.781740800001,5.727043400000184,0.8013301610173595,0.8103257649640634,average_precision,0.7256850679534287,0.7420973247598635,0.6906584313493705,0.7154544967511346,0.1812296658754348,51614,16244,20935,46741
sarc_subreddit,val,xgb,sarc_subreddit__xgb_reply_tfidf_surface_context,sarc_subreddit,reply_tfidf_surface_context,2,3244,0.5,default_0.50,fixed,135123,639838,25022,5159,248.781740800001,5.639948400001231,0.8053549110427738,0.8217855378967462,average_precision,0.7308822332245436,0.7566290693490606,0.6992034464314111,0.7267836749413957,0.1793021708726883,50393,15557,20807,48366
sarc_subreddit,val,xgb,sarc_subreddit__xgb_reply_tfidf_surface_context,sarc_subreddit,reply_tfidf_surface_context,2,3244,0.4924575686454773,source_validation_precision_0.75,sarc_random/val,135123,639838,25022,5159,248.781740800001,5.639948400001231,0.8053549110427738,0.8217855378967462,average_precision,0.730593607305936,0.7516201357535551,0.7075593078224163,0.7289244997803278,0.1793021708726883,49776,16174,20229,48944
sarc_subreddit,test,lgbm,sarc_subreddit__lgbm_reply_tfidf_surface_subreddit,sarc_subreddit,reply_tfidf_surface_subreddit,2,3244,0.5,default_0.50,fixed,135534,639838,20019,1284,214.70625690000088,5.352252200000294,0.7983899707106633,0.807281506150727,average_precision,0.7051072055720335,0.8243129359988763,0.5203173946450735,0.6379513379350327,0.1938659753441164,60353,7505,32463,35213
sarc_subreddit,test,lgbm,sarc_subreddit__lgbm_reply_tfidf_surface_subreddit,sarc_subreddit,reply_tfidf_surface_subreddit,2,3244,0.4879491471387371,source_validation_precision_0.75,sarc_random/val,135534,639838,20019,1284,214.70625690000088,5.352252200000294,0.7983899707106633,0.807281506150727,average_precision,0.7080363598801777,0.8181962276113489,0.5339263549855192,0.6461788821430807,0.1938659753441164,59829,8029,31542,36134
sarc_subreddit,val,lgbm,sarc_subreddit__lgbm_reply_tfidf_surface_subreddit,sarc_subreddit,reply_tfidf_surface_subreddit,2,3244,0.5,default_0.50,fixed,135123,639838,20019,1284,214.70625690000088,5.41000559999884,0.8013996964922538,0.8177903201747712,average_precision,0.7091982860060834,0.8272402689856089,0.5459644659043268,0.6577952728476129,0.1919761784261005,58063,7887,31407,37766
sarc_subreddit,val,lgbm,sarc_subreddit__lgbm_reply_tfidf_surface_subreddit,sarc_subreddit,reply_tfidf_surface_subreddit,2,3244,0.4879491471387371,source_validation_precision_0.75,sarc_random/val,135123,639838,20019,1284,214.70625690000088,5.41000559999884,0.8013996964922538,0.8177903201747712,average_precision,0.7118847272485069,0.8214498299319728,0.5586139100516098,0.6650030547357009,0.1919761784261005,57551,8399,30532,38641
sarc_subreddit,test,xgb,sarc_subreddit__xgb_reply_tfidf_surface_subreddit,sarc_subreddit,reply_tfidf_surface_subreddit,2,3244,0.5,default_0.50,fixed,135534,639838,20019,7022,209.82525560000067,2.0154438000008668,0.7984247233365959,0.8082718382737536,average_precision,0.7240618590169257,0.758005965061781,0.6571901412613038,0.7040070913566177,0.1824026852846145,53659,14199,23200,44476
sarc_subreddit,test,xgb,sarc_subreddit__xgb_reply_tfidf_surface_subreddit,sarc_subreddit,reply_tfidf_surface_subreddit,2,3244,0.486618161201477,source_validation_precision_0.75,sarc_random/val,135534,639838,20019,7022,209.82525560000067,2.0154438000008668,0.7984247233365959,0.8082718382737536,average_precision,0.7243643661369102,0.7498187211601846,0.6723062828772386,0.7089501075134781,0.1824026852846145,52677,15181,22177,45499
sarc_subreddit,val,xgb,sarc_subreddit__xgb_reply_tfidf_surface_subreddit,sarc_subreddit,reply_tfidf_surface_subreddit,2,3244,0.5,default_0.50,fixed,135123,639838,20019,7022,209.82525560000067,2.1908456000001024,0.8017282103796037,0.8189619945317899,average_precision,0.726834069699459,0.7636818360141232,0.6753935784193255,0.7168294348249699,0.1808382719755172,51493,14457,22454,46719
sarc_subreddit,val,xgb,sarc_subreddit__xgb_reply_tfidf_surface_subreddit,sarc_subreddit,reply_tfidf_surface_subreddit,2,3244,0.486618161201477,source_validation_precision_0.75,sarc_random/val,135123,639838,20019,7022,209.82525560000067,2.1908456000001024,0.8017282103796037,0.8189619945317899,average_precision,0.7267452617245028,0.7556034619408427,0.6891128041287786,0.7208280721916845,0.1808382719755172,50532,15418,21505,47668
