slot,model,roc_auc,accuracy,f1
gradient boosting,"LightGBM, + subreddit",0.8158728894143208,0.7374822164666399,0.7342933097031458
gradient boosting,"XGBoost, + subreddit",0.8134530769722338,0.7363878451829424,0.7313086544610854
gradient boosting,"LightGBM, + parent context",0.809165123387758,0.7321197971765221,0.7286954594155245
gradient boosting,"LightGBM, text + surface",0.8074291507173212,0.732156276219312,0.7281237040109011
gradient boosting,"XGBoost, + parent context",0.8072525660606448,0.7310327217013826,0.7243745981428593
gradient boosting,"XGBoost, text + surface",0.8060842057279185,0.7307627767847372,0.7244049797241287
probabilistic / linear,"LR, text + surface",0.8028814140865471,0.7283040893006968,0.7260838224693646
gradient boosting,"LightGBM, text only",0.7963905951582153,0.7217378615985116,0.7177783368604875
gradient boosting,"XGBoost, text only",0.795039450107039,0.7211833801481049,0.7133427345554922
probabilistic / linear,"LR, text only",0.794062372751382,0.7205559406121184,0.718719247998825
probabilistic / linear,"MNB, text only",0.7797663763299996,0.7041257797395396,0.708324342985371
probabilistic / linear,"CNB, text only",0.7797663763299996,0.704395724656185,0.7040286350852843
glass-box,ebm_plus_rules,0.7625,0.6909,0.6779
glass-box,ebm,0.76205,0.6915,0.6799
probabilistic / linear,"CNB, text + surface",0.7405522864811325,0.6828949768358078,0.6574076993410474
probabilistic / linear,"MNB, text + surface",0.7405522864811325,0.6838507277569037,0.6611088083711982
