dataset,model,representation,roc_auc,accuracy,f1,auc_delta_vs_random
sarc_random,lgbm,reply_tfidf,0.7963905951582153,0.7217378615985116,0.7177783368604875,0.0
sarc_random,xgb,reply_tfidf,0.795039450107039,0.7211833801481049,0.7133427345554922,0.0
sarc_random,lgbm,reply_tfidf_surface,0.8074291507173212,0.732156276219312,0.7281237040109011,0.0
sarc_random,xgb,reply_tfidf_surface,0.8060842057279185,0.7307627767847372,0.7244049797241287,0.0
sarc_random,lgbm,reply_tfidf_surface_context,0.809165123387758,0.7321197971765221,0.7286954594155245,0.0
sarc_random,xgb,reply_tfidf_surface_context,0.8072525660606448,0.7310327217013826,0.7243745981428593,0.0
sarc_random,lgbm,reply_tfidf_surface_subreddit,0.8158728894143208,0.7374822164666399,0.7342933097031458,0.0
sarc_random,xgb,reply_tfidf_surface_subreddit,0.8134530769722338,0.7363878451829424,0.7313086544610854,0.0
sarc_temporal,lgbm,reply_tfidf,0.7805690572499793,0.7095844124729956,0.6854315154606426,-0.01582153790823604
sarc_temporal,xgb,reply_tfidf,0.7798146485523694,0.7101007472396743,0.6819162436548223,-0.015224801554669654
sarc_temporal,lgbm,reply_tfidf_surface,0.7917508942024828,0.7190725801454825,0.6940317980186973,-0.01567825651483845
sarc_temporal,xgb,reply_tfidf_surface,0.7906317716842632,0.7200226361161712,0.692501723950205,-0.015452434043655261
sarc_temporal,lgbm,reply_tfidf_surface_context,0.7920314936643169,0.7187008191134738,0.6946955024747149,-0.017133629723441124
sarc_temporal,xgb,reply_tfidf_surface_context,0.7903693623470703,0.7182712285875972,0.6907829713923017,-0.016883203713574435
sarc_subreddit,lgbm,reply_tfidf,0.7926986234867602,0.7193545531010669,0.7087809023604082,-0.0036919716714550743
sarc_subreddit,xgb,reply_tfidf,0.7910227247465939,0.7181519028435669,0.7031718650442134,-0.0040167253604451725
sarc_subreddit,lgbm,reply_tfidf_surface,0.8022966524129057,0.7278690217952691,0.7170833109605959,-0.005132498304415534
sarc_subreddit,xgb,reply_tfidf_surface,0.8014463758244521,0.7265409417563121,0.7132434293495501,-0.004637829903466395
sarc_subreddit,lgbm,reply_tfidf_surface_context,0.8033535156826128,0.727492732450898,0.7176558725499189,-0.005811607705145216
sarc_subreddit,xgb,reply_tfidf_surface_context,0.8013301610173595,0.7258769017368336,0.7129779130582573,-0.005922405043285228
sarc_subreddit,lgbm,reply_tfidf_surface_subreddit,0.7983899707106633,0.7051072055720335,0.6379513379350327,-0.01748291870365748
sarc_subreddit,xgb,reply_tfidf_surface_subreddit,0.7984247233365959,0.7240618590169257,0.7040070913566177,-0.015028353635637925
