dataset,model,representation,roc_auc,pr_auc,accuracy,precision,recall,f1,brier_score
figlang_reddit,lgbm,reply_tfidf,0.7341355552701596,0.7383421534130254,0.6765375854214123,0.6703910614525139,0.6872852233676976,0.6787330316742082,0.2121926460232349
figlang_twitter,lgbm,reply_tfidf,0.6329175187457396,0.625935321700475,0.5947521865889213,0.601010101010101,0.4380368098159509,0.5067423704755145,0.2538148904175261
tweeteval_irony,lgbm,reply_tfidf,0.6269251887439944,0.5360242751583482,0.6076923076923076,0.5084745762711864,0.3870967741935484,0.4395604395604395,0.2390303674499061
news_headlines,lgbm,reply_tfidf,0.4370067633140991,0.4286365480085269,0.4733380314775663,0.4178544636159039,0.2753336628769154,0.331942789034565,0.3078894105567955
figlang_reddit,xgb,reply_tfidf,0.7357610146602686,0.7369118899035522,0.6702733485193622,0.6670454545454545,0.6723940435280642,0.6697090701654307,0.2103073894977569
figlang_twitter,xgb,reply_tfidf,0.6327402862985685,0.6213523598632109,0.606997084548105,0.6131621187800963,0.4687116564417178,0.5312934631432545,0.251940369606018
tweeteval_irony,xgb,reply_tfidf,0.6180164722031571,0.5294555034490884,0.6230769230769231,0.5338983050847458,0.4064516129032258,0.4615384615384615,0.2388191223144531
news_headlines,xgb,reply_tfidf,0.4337161585367203,0.4286718178593068,0.4709889593610524,0.4093428345209818,0.2555610479485912,0.3146682897139379,0.298963725566864
figlang_reddit,lgbm,reply_tfidf_surface,0.7449844913272077,0.7486713986315146,0.6856492027334852,0.681766704416761,0.6895761741122566,0.6856492027334852,0.2076277944825779
figlang_twitter,lgbm,reply_tfidf_surface,0.6106080436264485,0.6021484655529143,0.5865889212827988,0.6019230769230769,0.3840490797546012,0.4689138576779026,0.2659402419584744
tweeteval_irony,lgbm,reply_tfidf_surface,0.5986204529855869,0.5199838489349741,0.6051282051282051,0.5038759689922481,0.4193548387096774,0.4577464788732394,0.2500546439199919
news_headlines,lgbm,reply_tfidf_surface,0.4475308792219821,0.4335634192684885,0.4808550622504111,0.4205607476635514,0.2446861097380128,0.309375,0.3024155224310554
figlang_reddit,xgb,reply_tfidf_surface,0.7509765080254625,0.7534530743855645,0.6879271070615034,0.689173457508731,0.6781214203894617,0.6836027713625866,0.2048403471708297
figlang_twitter,xgb,reply_tfidf_surface,0.6111138377641445,0.6003419738158794,0.5877551020408164,0.5992647058823529,0.4,0.4797645327446652,0.2662059962749481
tweeteval_irony,xgb,reply_tfidf_surface,0.5964172958133149,0.5063288990334911,0.6166666666666667,0.5232067510548524,0.4,0.453382084095064,0.2495047301054
news_headlines,xgb,reply_tfidf_surface,0.4416039626656918,0.4314939179847739,0.4778012684989429,0.4133448873483535,0.2357884330202669,0.3002832861189802,0.2978904843330383
