model,number,value,params_bagging_fraction,params_feature_fraction,params_lambda_l1,params_lambda_l2,params_min_data_in_leaf,params_num_leaves,user_attrs_fit_seconds,user_attrs_n_trees,user_attrs_val_average_precision,state
lgbm,0,0.7895783200183043,0.876364756832034,0.3059990618356664,0.02027065330881942,0.20311780860052506,241,300,84.78543910000008,411,0.8069929853476341,COMPLETE
lgbm,1,0.7952092000456483,0.5974891498353473,0.7034571951038748,0.006808331080248738,1.543792115686523,93,187,137.49998270000003,479,0.8111839545352537,COMPLETE
lgbm,2,0.803981212259324,0.7382485284112114,0.9501666068212575,0.014204943278117983,7.074951825901158,11,438,309.115772,404,0.8188092145112099,COMPLETE
lgbm,3,0.7945442181952592,0.6275779716076724,0.5677310857196468,9.855338362405705,2.276923015435615,52,174,300.1629404,862,0.8114916297641861,COMPLETE
lgbm,4,0.8016621973099672,0.5127770389563653,0.9763877699013987,1.8600754698572546,0.017177158243343725,32,106,188.09611089999999,919,0.816909592954823,COMPLETE
lgbm,5,0.8039677787515424,0.7464563107282725,0.3685470769338636,0.1203037957471928,0.9614205217708354,23,246,186.02628600000003,424,0.8194688609927778,COMPLETE
lgbm,6,0.8002255525209386,0.5968348029081402,0.7455382762375564,0.05348407353322269,0.5582969001295643,47,510,201.0848844000002,227,0.8153577796257464,COMPLETE
lgbm,7,0.7912952493787425,0.7789976237462725,0.872448537727774,0.0017177807959952239,0.0019699021790565924,197,504,137.1732020000004,256,0.8077123629258292,COMPLETE
lgbm,8,0.8032004086016727,0.6826672790150772,0.624658897662636,0.039306008214949846,10.904158462269981,15,212,302.28313660000003,827,0.818558629926655,COMPLETE
lgbm,9,0.799559220781178,0.8253520001641874,0.4169868173771971,7.345305677675784,0.1074638015112507,52,448,204.42162039999994,403,0.8159683032585745,COMPLETE
lgbm,10,0.8036585514274581,0.7543967446588458,0.9768001440090206,0.00336758298216326,10.839677385467068,12,78,255.16497860000027,1784,0.8188794600403191,COMPLETE
lgbm,11,0.8030791595490716,0.7921730804941484,0.7851909425976076,0.002684683428725057,10.952516564171715,30,827,368.4771157,277,0.8181452504545477,COMPLETE
lgbm,12,0.8024084725098863,0.6957633676134245,0.825442806574517,0.3656349863577631,8.121979448776704,11,793,308.2962199000003,230,0.8178973706661687,COMPLETE
lgbm,13,0.8044065230408897,0.8796126860176847,0.8703788509432353,0.42273569935254424,6.869716304236381,14,133,204.1139490999999,1041,0.8194152081174655,COMPLETE
lgbm,14,0.8042826081804126,0.9102289254410241,0.9269225870250295,0.03570461294142475,17.570922623657243,15,230,281.98761009999953,934,0.8195516894668118,COMPLETE
lgbm,15,0.8042478077427615,0.9974987421442463,0.9196404434644844,0.01897462903096379,8.96854052594053,19,275,284.0208197000002,807,0.8192945780738432,COMPLETE
lgbm,16,0.804369344642552,0.9065968261456615,0.9251094928647909,0.11397104923428367,7.520183924069288,22,100,242.86988790000032,1694,0.8195327440213857,COMPLETE
lgbm,17,0.8040222517288936,0.8032256065355313,0.8035958555337435,1.6062545114664084,4.47988363363641,12,109,227.10101849999955,1426,0.8192464493952101,COMPLETE
lgbm,18,0.8031859905777002,0.954651510762691,0.7626302912375359,0.023161600779190987,1.1109015039803283,11,134,161.4774828999998,869,0.8184294833839327,COMPLETE
lgbm,19,0.8038917152116549,0.8646355445856357,0.9482206341152468,0.0677434797134802,1.5756449616179777,25,163,170.83744920000026,688,0.8189097759841879,COMPLETE
lgbm,20,0.8041018391871454,0.8939913605627173,0.738930592062468,0.1259272762191048,5.524511142129093,32,134,204.88875629999984,1139,0.8190737178544667,COMPLETE
lgbm,21,0.8033442729868813,0.9353561149298653,0.9180272589693326,3.009040616219138,17.099422495767673,13,71,301.17921579999984,3167,0.8189020426427569,COMPLETE
lgbm,22,0.8042941110993325,0.895161839055397,0.9287313524060892,0.017583767726559247,18.98090376693705,10,82,285.0273638999997,2487,0.8195555306916078,COMPLETE
lgbm,23,0.8031235905677656,0.9822503053211903,0.9875992408048618,0.4701531969191215,0.914043174911284,12,96,163.03654899999947,1133,0.818364889858547,COMPLETE
lgbm,24,0.8040356650032435,0.9523999826342308,0.8283778840420268,0.026189246089860545,14.371144977198316,17,69,239.6098205999997,2402,0.8192039891941411,COMPLETE
