model,number,value,params_alpha,params_colsample_bytree,params_lambda,params_max_depth,params_min_child_weight,params_subsample,user_attrs_fit_seconds,user_attrs_n_trees,user_attrs_val_average_precision,state
xgb,0,0.7828529696878127,0.11529597926464488,0.8021836109312543,0.029023604047915836,7,42.868350255766366,0.5662494136472915,78.32333119999998,2609,0.8000913717923607,COMPLETE
xgb,1,0.7982558084544279,0.7059677566512416,0.3559826397365557,0.00855866482426606,6,14.207955054542886,0.8146607469399216,168.26531190000003,6221,0.814559020802484,COMPLETE
xgb,2,0.8025116862268891,2.7508267166020315,0.5811976454579382,0.019494084731186693,7,1.1380951410132696,0.968854129263286,362.75215479999986,6941,0.8183942036284145,COMPLETE
xgb,3,0.7975866111282763,0.9989871481540354,0.4041247545722759,29.51467011112373,6,7.228397451134344,0.7298319285747792,287.0387847999998,7997,0.8138860860556068,COMPLETE
xgb,4,0.7980370200975055,0.012686566132613035,0.22044326233018446,4.56584534457033,5,4.1407559640236276,0.9852423561883741,208.71033540000008,8000,0.8145398119998494,COMPLETE
xgb,5,0.8003067445968179,0.4624108447855735,0.5943300971652361,0.21301770489233787,6,2.760816954895215,0.6053419230836647,216.96518889999993,5455,0.816235552322415,COMPLETE
xgb,6,0.8014597697059384,0.28453467532199317,0.3549356846530243,0.08597409936176931,8,6.417340085526986,0.8409614226484727,262.44123679999984,5435,0.8175444672549914,COMPLETE
xgb,7,0.791935935776249,0.001832593148811893,0.646396197994036,0.0018322923540118052,7,33.87566246092869,0.9202803360798587,171.90616420000015,4232,0.808801745042439,COMPLETE
xgb,8,0.8019881091218527,4.0486568598763455,0.4922676464241235,0.060904096255746824,6,1.6918251116022975,0.7654118110391475,300.8262881999999,7250,0.8179507242686179,COMPLETE
xgb,9,0.7973452666481575,0.06528194847514243,0.7205632002626998,21.239717900103706,7,7.275874290567178,0.6356167608607481,234.9134779000001,5332,0.8135978405202529,COMPLETE
xgb,10,0.7982853363792466,7.861941715100558,0.6145041858558085,0.008277887260950235,7,13.068814198747997,0.7418295764895656,213.15030960000013,6343,0.8146307329065398,COMPLETE
xgb,11,0.8026573219957993,2.5883520970631126,0.6635000947879421,0.001786238294682047,8,2.8410167315231734,0.9757662090119733,325.72946100000036,7622,0.8188282349161887,COMPLETE
xgb,12,0.7998208628010539,9.841905414230625,0.4322574735297932,0.0014077452310096324,8,4.031172624867651,0.9767812333983154,257.2691656000002,7381,0.8162964936242814,COMPLETE
xgb,13,0.7996796698677839,9.884343423691867,0.7221703082121411,0.0587081493351919,8,2.352229909746183,0.9453710669929224,233.88222989999986,5574,0.8162773383800732,COMPLETE
xgb,14,0.8003672627911103,0.453890099199936,0.5588588640255594,0.004279108437106686,8,1.137834203315215,0.9307195611977537,207.47667100000035,5444,0.8168206427945275,COMPLETE
xgb,15,0.7998876422840397,0.4832185355594455,0.8220972169462085,0.02170817809141231,7,2.2888401474942563,0.9804517855512279,204.78224320000027,6549,0.8160963219981339,COMPLETE
xgb,16,0.8033613219959287,2.766100077040595,0.7566524259883576,0.010773016903704295,7,2.257268139670821,0.8661723993795032,230.6653811999995,7342,0.8191465911345426,COMPLETE
xgb,17,0.7972360306099389,2.748203945023516,0.7849224217215229,0.006033782884092489,8,20.93363611649141,0.8988008675460808,181.97621929999968,5326,0.8138192180842012,COMPLETE
xgb,18,0.8015049949400734,0.7023809089603511,0.5400368257194115,0.002905245432697068,7,1.5455610429464475,0.7617416949789936,187.18773779999992,6549,0.8173769053382307,COMPLETE
xgb,19,0.8008259793944227,9.094222523211597,0.7633877115728265,0.0014371598601497619,7,1.5459910469180347,0.9879651946972036,243.36123580000003,7406,0.8172378435257943,COMPLETE
xgb,20,0.802222547292773,2.2125435606218082,0.5782781114964948,0.00347259923254649,8,6.010549117475046,0.902895864347589,209.03140619999976,6104,0.8180728253054927,COMPLETE
xgb,21,0.8036362443884556,2.659459261238971,0.7371930839399591,0.0127496476639137,7,3.415620449728202,0.815839681012246,234.4032232999998,7901,0.8194054251556118,COMPLETE
xgb,22,0.8013116194539235,1.0186777012709298,0.8064300828950702,0.008195110977847983,8,2.2383065601211123,0.8849365860300548,217.37764489999972,5469,0.8178526311607448,COMPLETE
xgb,23,0.800312608671299,8.13752125058926,0.7066285648885663,0.0025845411738043725,7,3.668440569296548,0.8324185875546443,208.2660194,6665,0.8166818012273793,COMPLETE
xgb,24,0.8010659140303171,1.0676471028774372,0.8792486136334885,0.0011118801048704062,8,1.3845998017488859,0.9469639784268425,223.04575859999932,5300,0.8171949325811334,COMPLETE
